[
    {
        "dentist": "Ethel Price",
        "provider": "female",
        "company": "Johnson",
        "age": 22
    },
    {
        "dentist": "Claudine Neal",
        "provider": "female",
        "company": "Sealoud",
        "age": 55
    },
    {
        "dentist": "Beryl Rice",
        "provider": "female",
        "company": "Velity",
        "age": 67
    },
    {
        "dentist": "Wilder Gonzales",
        "provider": "male",
        "company": "Geekko"
    },
    {
        "dentist": "Georgina Schultz",
        "provider": "female",
        "company": "Suretech"
    },
    {
        "dentist": "Carroll Buchanan",
        "provider": "male",
        "company": "Ecosys"
    },
    {
        "dentist": "Valarie Atkinson",
        "provider": "female",
        "company": "Hopeli"
    },
    {
        "dentist": "Schroeder Mathews",
        "provider": "male",
        "company": "Polarium"
    },
    {
        "dentist": "Lynda Mendoza",
        "provider": "female",
        "company": "Dogspa"
    },
    {
        "dentist": "Sarah Massey",
        "provider": "female",
        "company": "Bisba"
    },
    {
        "dentist": "Robles Boyle",
        "provider": "male",
        "company": "Comtract"
    },
    {
        "dentist": "Evans Hickman",
        "provider": "male",
        "company": "Parleynet"
    },
    {
        "dentist": "Dawson Barber",
        "provider": "male",
        "company": "Dymi"
    },
    {
        "dentist": "Bruce Strong",
        "provider": "male",
        "company": "Xyqag"
    },
    {
        "dentist": "Nellie Whitfield",
        "provider": "female",
        "company": "Exospace"
    },
    {
        "dentist": "Jackson Macias",
        "provider": "male",
        "company": "Aquamate"
    },
    {
        "dentist": "Pena Pena",
        "provider": "male",
        "company": "Quarx"
    },
    {
        "dentist": "Lelia Gates",
        "provider": "female",
        "company": "Proxsoft"
    },
    {
        "dentist": "Letitia Vasquez",
        "provider": "female",
        "company": "Slumberia"
    },
    {
        "dentist": "Trevino Moreno",
        "provider": "male",
        "company": "Conjurica"
    },
    {
        "dentist": "Barr Page",
        "provider": "male",
        "company": "Apex"
    },
    {
        "dentist": "Kirkland Merrill",
        "provider": "male",
        "company": "Utara"
    },
    {
        "dentist": "Blanche Conley",
        "provider": "female",
        "company": "Imkan"
    },
    {
        "dentist": "Atkins Dunlap",
        "provider": "male",
        "company": "Comveyor"
    },
    {
        "dentist": "Everett Foreman",
        "provider": "male",
        "company": "Maineland"
    },
    {
        "dentist": "Gould Randolph",
        "provider": "male",
        "company": "Intergeek"
    },
    {
        "dentist": "Kelli Leon",
        "provider": "female",
        "company": "Verbus"
    },
    {
        "dentist": "Freda Mason",
        "provider": "female",
        "company": "Accproviderency"
    },
    {
        "dentist": "Tucker Maxwell",
        "provider": "male",
        "company": "Lumbrex"
    },
    {
        "dentist": "Yvonne Parsons",
        "provider": "female",
        "company": "Zolar"
    },
    {
        "dentist": "Woods Key",
        "provider": "male",
        "company": "Bedder"
    },
    {
        "dentist": "Stephens Reilly",
        "provider": "male",
        "company": "Acusage"
    },
    {
        "dentist": "Mcfarland Sparks",
        "provider": "male",
        "company": "Comvey"
    },
    {
        "dentist": "Jocelyn Sawyer",
        "provider": "female",
        "company": "Fortean"
    },
    {
        "dentist": "Renee Barr",
        "provider": "female",
        "company": "Kiggle"
    },
    {
        "dentist": "Gaines Beck",
        "provider": "male",
        "company": "Sequitur"
    },
    {
        "dentist": "Luisa Farrell",
        "provider": "female",
        "company": "Cinesanct"
    },
    {
        "dentist": "Robyn Strickland",
        "provider": "female",
        "company": "Obones"
    },
    {
        "dentist": "Roseann Jarvis",
        "provider": "female",
        "company": "Aquazure"
    },
    {
        "dentist": "Johnston Park",
        "provider": "male",
        "company": "Netur"
    },
    {
        "dentist": "Wong Craft",
        "provider": "male",
        "company": "Opticall"
    },
    {
        "dentist": "Merritt Cole",
        "provider": "male",
        "company": "Techtrix"
    },
    {
        "dentist": "Dale Byrd",
        "provider": "female",
        "company": "Kneedles"
    },
    {
        "dentist": "Sara Delgado",
        "provider": "female",
        "company": "Netagy"
    },
    {
        "dentist": "Alisha Myers",
        "provider": "female",
        "company": "Intradisk"
    },
    {
        "dentist": "Felecia Smith",
        "provider": "female",
        "company": "Futurity"
    },
    {
        "dentist": "Neal Harvey",
        "provider": "male",
        "company": "Pyramax"
    },
    {
        "dentist": "Nola Miles",
        "provider": "female",
        "company": "Sonique"
    },
    {
        "dentist": "Herring Pierce",
        "provider": "male",
        "company": "Geeketron"
    },
    {
        "dentist": "Shelley Rodriquez",
        "provider": "female",
        "company": "Bostonic"
    },
    {
        "dentist": "Cora Chase",
        "provider": "female",
        "company": "Isonus"
    },
    {
        "dentist": "Mckay Santos",
        "provider": "male",
        "company": "Amtas"
    },
    {
        "dentist": "Hilda Crane",
        "provider": "female",
        "company": "Jumpstack"
    },
    {
        "dentist": "Jeanne Lindsay",
        "provider": "female",
        "company": "Genesynk"
    },
    {
        "dentist": "Frye Sharpe",
        "provider": "male",
        "company": "Eplode"
    },
    {
        "dentist": "Velma Fry",
        "provider": "female",
        "company": "Ronelon"
    },
    {
        "dentist": "Reyna Espinoza",
        "provider": "female",
        "company": "Prismatic"
    },
    {
        "dentist": "Spencer Sloan",
        "provider": "male",
        "company": "Comverges"
    },
    {
        "dentist": "Graham Marsh",
        "provider": "male",
        "company": "Medifax"
    },
    {
        "dentist": "Hale Boone",
        "provider": "male",
        "company": "Digial"
    },
    {
        "dentist": "Wiley Hubbard",
        "provider": "male",
        "company": "Zensus"
    },
    {
        "dentist": "Blackburn Drake",
        "provider": "male",
        "company": "Frenex"
    },
    {
        "dentist": "Franco Hunter",
        "provider": "male",
        "company": "Rockabye"
    },
    {
        "dentist": "Barnett Case",
        "provider": "male",
        "company": "Norali"
    },
    {
        "dentist": "Alexander Foley",
        "provider": "male",
        "company": "Geekosis"
    },
    {
        "dentist": "Lynette Stein",
        "provider": "female",
        "company": "Macronaut"
    },
    {
        "dentist": "Anthony Joyner",
        "provider": "male",
        "company": "Senmei"
    },
    {
        "dentist": "Garrett Brennan",
        "provider": "male",
        "company": "Bluegrain"
    },
    {
        "dentist": "Betsy Horton",
        "provider": "female",
        "company": "Zilla"
    },
    {
        "dentist": "Patton Small",
        "provider": "male",
        "company": "Genmex"
    },
    {
        "dentist": "Lakisha Huber",
        "provider": "female",
        "company": "Insource"
    },
    {
        "dentist": "Lindsay Avery",
        "provider": "female",
        "company": "Unq"
    },
    {
        "dentist": "Ayers Hood",
        "provider": "male",
        "company": "Accuprint"
    },
    {
        "dentist": "Torres Durham",
        "provider": "male",
        "company": "Uplinx"
    },
    {
        "dentist": "Vincent Hernandez",
        "provider": "male",
        "company": "Talendula"
    },
    {
        "dentist": "Baird Ryan",
        "provider": "male",
        "company": "Aquasseur"
    },
    {
        "dentist": "Georgia Mercer",
        "provider": "female",
        "company": "Skyplex"
    },
    {
        "dentist": "Francesca Elliott",
        "provider": "female",
        "company": "Nspire"
    },
    {
        "dentist": "Lyons Peters",
        "provider": "male",
        "company": "Quinex"
    },
    {
        "dentist": "Kristi Brewer",
        "provider": "female",
        "company": "Oronoko"
    },
    {
        "dentist": "Tonya Bray",
        "provider": "female",
        "company": "Insuron"
    },
    {
        "dentist": "Valenzuela Huff",
        "provider": "male",
        "company": "Applprovidereck"
    },
    {
        "dentist": "Tiffany Anderson",
        "provider": "female",
        "company": "Zanymax"
    },
    {
        "dentist": "Jerri King",
        "provider": "female",
        "company": "Eventex"
    },
    {
        "dentist": "Rocha Meadows",
        "provider": "male",
        "company": "Goko"
    },
    {
        "dentist": "Marcy Green",
        "provider": "female",
        "company": "Pharmex"
    },
    {
        "dentist": "Kirk Cross",
        "provider": "male",
        "company": "Portico"
    },
    {
        "dentist": "Hattie Mullen",
        "provider": "female",
        "company": "Zilencio"
    },
    {
        "dentist": "Deann Brproviderges",
        "provider": "female",
        "company": "Equitox"
    },
    {
        "dentist": "Chaney Roach",
        "provider": "male",
        "company": "Qualitern"
    },
    {
        "dentist": "Consuelo Dickson",
        "provider": "female",
        "company": "Poshome"
    },
    {
        "dentist": "Billie Rowe",
        "provider": "female",
        "company": "Cemention"
    },
    {
        "dentist": "Bean Donovan",
        "provider": "male",
        "company": "Mantro"
    },
    {
        "dentist": "Lancaster Patel",
        "provider": "male",
        "company": "Krog"
    },
    {
        "dentist": "Rosa Dyer",
        "provider": "female",
        "company": "Netility"
    },
    {
        "dentist": "Christine Compton",
        "provider": "female",
        "company": "Bleeko"
    },
    {
        "dentist": "Milagros Finch",
        "provider": "female",
        "company": "Handshake"
    },
    {
        "dentist": "Ericka Alvarado",
        "provider": "female",
        "company": "Lyrichord"
    },
    {
        "dentist": "Sylvia Sosa",
        "provider": "female",
        "company": "Circum"
    },
    {
        "dentist": "Humphrey Curtis",
        "provider": "male",
        "company": "Corepan"
    }
]