app_date_from,app_date_to,surname,dob,phone_home,app_date,needed_appoint_id,duration,total_sum,start,app_book_id,app_book_description,status,firstname,middlename,patient_count,patient_id,patient_unique_count,preferred_name,patient_name
15/04/1900,15/04/2099,,5/06/1955,8525 5425,18/11/1998,2267,45,,08:00:00,1,Dr Frank Spencer,Confirmed,,,1,5,1,,"Anandale, Mr Peter"
15/04/1900,15/04/2099,,5/06/1955,8525 5425,1/12/1998,2288,60,,08:45:00,1,Dr Frank Spencer,Confirmed,,,0,5,0,,"Anandale, Mr Peter"
15/04/1900,15/04/2099,,5/06/1955,8525 5425,2/07/2007,2590,60,175.00,09:30:00,1,Dr Frank Spencer,Confirmed,,,0,5,0,,"Anandale, Mr Peter"
15/04/1900,15/04/2099,,6/06/1959,8525 5425,2/07/2007,2589,60,140.00,08:30:00,1,Dr Frank Spencer,Confirmed,,,1,6,1,,"Anandale, Mrs Jane"
15/04/1900,15/04/2099,,5/05/1955,2589 9856,6/07/2007,2702,120,,09:00:00,1,Dr Frank Spencer,Confirmed,,,1,9,1,,"Bloggs, Mr Joe"
15/04/1900,15/04/2099,,5/06/1969,2589 5426,2/07/2007,2662,45,150.00,12:15:00,1,Dr Frank Spencer,Confirmed,,,1,7,1,,"Coin, Mr John"
15/04/1900,15/04/2099,,5/07/1961,2589 5426,4/07/2007,2674,30,140.00,09:30:00,1,Dr Frank Spencer,Confirmed,,,1,43,1,,"Coin, Mrs Julie"
15/04/1900,15/04/2099,,1/07/1952,,4/07/2007,2675,120,700.00,10:00:00,1,Dr Frank Spencer,Confirmed,,,1,11,1,,"Cooper, Mr Alice"
15/04/1900,15/04/2099,,5/06/1972,8597 2566,15/08/2002,2490,45,,09:15:00,1,Dr Frank Spencer,Confirmed,,,1,8,1,,"Dickson, Mrs Caren"
15/04/1900,15/04/2099,,5/05/1962,,4/07/2007,2676,30,80.00,12:00:00,1,Dr Frank Spencer,Confirmed,,,1,13,1,,"Graple, Mr George"
15/04/1900,15/04/2099,,4/04/1933,4567 7899,4/07/2007,2677,30,49.00,12:30:00,1,Dr Frank Spencer,Confirmed,,,1,44,1,,"Howser, Mrs Heather"
15/04/1900,15/04/2099,,2/05/1957,,4/07/2007,2678,90,600.00,14:00:00,1,Dr Frank Spencer,Confirmed,,,1,10,1,,"Janis, Mrs Kattie"
15/04/1900,15/04/2099,,11/12/1984,9785 5643,5/07/2007,2686,120,,14:00:00,1,Dr Frank Spencer,Confirmed,,,1,33,1,,"Jones, Miss Gemma (Gem)"
15/04/1900,15/04/2099,,7/07/1945,9785 5643,6/07/2007,2711,60,,17:00:00,1,Dr Frank Spencer,Confirmed,,,1,30,1,,"Jones, Mr James"
15/04/1900,15/04/2099,,,9555 6525,4/07/2007,2679,60,140.00,15:30:00,1,Dr Frank Spencer,Confirmed,,,1,52,1,,"Jones, Mr Jimmy"
15/04/1900,15/04/2099,,7/09/1948,9785 5643,6/07/2007,2709,60,,15:30:00,1,Dr Frank Spencer,Confirmed,,,1,31,1,,"Jones, Mrs Michelle"
15/04/1900,15/04/2099,,10/11/1965,7585 2595,6/07/2007,2708,90,,14:00:00,1,Dr Frank Spencer,Confirmed,,,1,15,1,,"Lamrock, Mrs Karen"
15/04/1900,15/04/2099,,11/11/1951,3690 5151,5/07/2007,2712,30,,13:00:00,1,Dr Frank Spencer,Confirmed,,,1,16,1,,"Manic, Mr Larry"
15/04/1900,15/04/2099,,12/07/1969,93690155,6/07/2007,2706,60,,11:00:00,1,Dr Frank Spencer,Confirmed,,,1,41,1,,"Mathieu, Mrs Rebecca"
15/04/1900,15/04/2099,,2/05/1954,4569 5882,5/07/2007,2683,60,,10:00:00,1,Dr Frank Spencer,Confirmed,,,1,18,1,,"O'Brian, Miss Janis"
15/04/1900,15/04/2099,,,9568 9645,3/07/2007,2665,30,,08:30:00,1,Dr Frank Spencer,Confirmed,,,1,53,1,,"Page, Mr Jimmy"
15/04/1900,15/04/2099,,2/09/1961,2589 8745,4/07/2007,2681,60,300.00,17:00:00,1,Dr Frank Spencer,Confirmed,,,1,21,1,,"Peterson, Mr Arthur"
15/04/1900,15/04/2099,,2/09/1961,2589 8745,6/07/2007,2707,60,,12:00:00,1,Dr Frank Spencer,Confirmed,,,0,21,0,,"Peterson, Mr Arthur"
15/04/1900,15/04/2099,,,,5/07/2007,2682,90,,08:30:00,1,Dr Frank Spencer,Confirmed,,,1,49,1,,"Prince, Mr Peter"
15/04/1900,15/04/2099,,8/05/1945,7485 3698,5/07/2007,2684,60,,11:00:00,1,Dr Frank Spencer,Confirmed,,,1,22,1,,"Rogers, Mrs Mary"
15/04/1900,15/04/2099,,9/09/1956,9399 6789,5/07/2007,2685,60,,12:00:00,1,Dr Frank Spencer,Confirmed,,,1,40,1,,"Smith, Mr Jason"
15/04/1900,15/04/2099,,6/06/1985,9774 5567,2/07/2007,2592,15,55.00,11:00:00,1,Dr Frank Spencer,Confirmed,,,1,29,1,,"Smyth, Master Jonathon"
15/04/1900,15/04/2099,,5/04/1955,9774 5567,2/07/2007,2591,30,140.00,10:30:00,1,Dr Frank Spencer,Confirmed,,,1,28,1,,"Smyth, Mrs Judy"
15/04/1900,15/04/2099,,7/06/1947,3697 7458,3/07/2007,2667,120,490.00,09:30:00,1,Dr Frank Spencer,Confirmed,,,1,23,1,,"Stevenson, Mr Alain"
15/04/1900,15/04/2099,,2/09/1971,4589 2569,4/04/2001,2451,45,,08:00:00,1,Dr Frank Spencer,Confirmed,,,1,24,1,,"Travis, Miss Kerry"
15/04/1900,15/04/2099,,2/09/1971,4589 2569,12/04/2019,3018,90,,10:45:00,1,Dr Frank Spencer,Confirmed,,,0,24,0,,"Travis, Miss Kerry"
15/04/1900,15/04/2099,,5/11/1914,,2/07/2007,2661,120,2050.00,14:00:00,1,Dr Frank Spencer,Confirmed,,,1,48,1,,"Ulna, Mr Bob"
15/04/1900,15/04/2099,,2/05/1969, 8595 2599,14/06/2000,2427,45,,09:45:00,1,Dr Frank Spencer,Confirmed,,,1,25,1,,"Universe, Mr Arnold"
15/04/1900,15/04/2099,,2/05/1969, 8595 2599,2/07/2007,2663,90,1500.00,16:00:00,1,Dr Frank Spencer,Confirmed,,,0,25,0,,"Universe, Mr Arnold"
15/04/1900,15/04/2099,,2/05/1967,8596 2598,23/10/1998,2246,60,,11:00:00,1,Dr Frank Spencer,Confirmed,,,1,26,1,,"Venus, Ms Helen"
15/04/1900,15/04/2099,,2/05/1967,8596 2598,3/07/2007,2668,60,400.00,11:30:00,1,Dr Frank Spencer,Confirmed,,,0,26,0,,"Venus, Ms Helen"
15/04/1900,15/04/2099,,,2589 9856,26/08/2002,2509,30,,08:30:00,1,Dr Frank Spencer,Confirmed,,,1,1,1,,"White, Mr Fred"
15/04/1900,15/04/2099,,,2589 9856,27/08/2002,2511,30,,11:45:00,1,Dr Frank Spencer,Confirmed,,,0,1,0,,"White, Mr Fred"
15/04/1900,15/04/2099,,,2589 9856,28/08/2002,2532,60,,09:45:00,1,Dr Frank Spencer,Confirmed,,,0,1,0,,"White, Mr Fred"
15/04/1900,15/04/2099,,,2589 9856,3/07/2007,2670,30,100.00,16:00:00,1,Dr Frank Spencer,Confirmed,,,0,1,0,,"White, Mr Fred"
15/04/1900,15/04/2099,,5/03/1967,8976 5544,3/07/2007,2671,60,170.00,16:30:00,1,Dr Frank Spencer,Confirmed,,,1,47,1,,"Zee, Mr Robert"
15/04/1900,15/04/2099,,11/12/1984,9785 5643,11/04/2019,3023,120,,09:15:00,2,Dr Yuri Gargarin,Confirmed,,,1,33,0,,"Jones, Miss Gemma (Gem)"
15/04/1900,15/04/2099,,2/05/1967,8596 2598,16/11/1998,2281,60,,08:40:00,11,Team 1 Chair 2,Confirmed,,,1,26,0,,"Venus, Ms Helen"
15/04/1900,15/04/2099,,4/04/1969,3467 4321,16/11/1998,2283,40,,09:10:00,13,Team 1 Hygienist,Confirmed,,,1,46,1,,"Xerron, Miss Neenah"
