app_book_id,app_book_name,app_date,plan,val,val_1,val_1,val_1_1,val_2,val_1_2
1,Dr Frank Spencer,1/01/2019,600,510,085.00;088.15,,,90,015.00;011.67
1,Dr Frank Spencer,2/01/2019,600,510,085.00;088.15,,,90,015.00;011.67
1,Dr Frank Spencer,3/01/2019,600,510,085.00;088.15,,,90,015.00;011.67
1,Dr Frank Spencer,4/01/2019,600,510,085.00;088.15,,,90,015.00;011.67
1,Dr Frank Spencer,5/01/2019,600,510,085.00;088.15,,,90,015.00;011.67
1,Dr Frank Spencer,7/01/2019,600,510,085.00;088.15,,,90,015.00;011.67
1,Dr Frank Spencer,8/01/2019,600,510,085.00;088.15,,,90,015.00;011.67
1,Dr Frank Spencer,9/01/2019,600,510,085.00;088.15,,,90,015.00;011.67
1,Dr Frank Spencer,10/01/2019,600,510,085.00;088.15,,,90,015.00;011.67
1,Dr Frank Spencer,11/01/2019,600,510,085.00;088.15,,,90,015.00;011.67
1,Dr Frank Spencer,12/01/2019,600,510,085.00;088.15,,,90,015.00;011.67
1,Dr Frank Spencer,14/01/2019,600,510,085.00;088.15,,,90,015.00;011.67
1,Dr Frank Spencer,15/01/2019,600,510,085.00;088.15,,,90,015.00;011.67
1,Dr Frank Spencer,16/01/2019,600,510,085.00;088.15,,,90,015.00;011.67
1,Dr Frank Spencer,17/01/2019,600,510,085.00;088.15,,,90,015.00;011.67
1,Dr Frank Spencer,18/01/2019,600,510,085.00;088.15,,,90,015.00;011.67
1,Dr Frank Spencer,19/01/2019,600,510,085.00;088.15,,,90,015.00;011.67
1,Dr Frank Spencer,21/01/2019,600,510,085.00;088.15,,,90,015.00;011.67
1,Dr Frank Spencer,22/01/2019,600,510,085.00;088.15,,,90,015.00;011.67
1,Dr Frank Spencer,23/01/2019,600,510,085.00;088.15,,,90,015.00;011.67
1,Dr Frank Spencer,24/01/2019,600,510,085.00;088.15,,,90,015.00;011.67
1,Dr Frank Spencer,25/01/2019,600,510,085.00;088.15,,,90,015.00;011.67
1,Dr Frank Spencer,26/01/2019,600,510,085.00;088.15,,,90,015.00;011.67
1,Dr Frank Spencer,28/01/2019,600,510,085.00;088.15,,,90,015.00;011.67
1,Dr Frank Spencer,29/01/2019,600,510,085.00;088.15,,,90,015.00;011.67
1,Dr Frank Spencer,30/01/2019,600,510,085.00;088.15,,,90,015.00;011.67
1,Dr Frank Spencer,31/01/2019,600,510,085.00;088.15,,,90,015.00;011.67
1,Dr Frank Spencer,1/02/2019,600,510,085.00;088.15,,,90,015.00;011.67
1,Dr Frank Spencer,2/02/2019,600,510,085.00;088.15,,,90,015.00;011.67
1,Dr Frank Spencer,4/02/2019,600,510,085.00;088.15,,,90,015.00;011.67
1,Dr Frank Spencer,5/02/2019,600,510,085.00;088.15,,,90,015.00;011.67
1,Dr Frank Spencer,6/02/2019,600,510,085.00;088.15,,,90,015.00;011.67
1,Dr Frank Spencer,7/02/2019,600,510,085.00;088.15,,,90,015.00;011.67
1,Dr Frank Spencer,8/02/2019,600,510,085.00;088.15,,,90,015.00;011.67
1,Dr Frank Spencer,9/02/2019,600,510,085.00;088.15,,,90,015.00;011.67
1,Dr Frank Spencer,11/02/2019,600,510,085.00;088.15,,,90,015.00;011.67
1,Dr Frank Spencer,12/02/2019,600,510,085.00;088.15,,,90,015.00;011.67
1,Dr Frank Spencer,13/02/2019,600,510,085.00;088.15,,,90,015.00;011.67
1,Dr Frank Spencer,14/02/2019,600,510,085.00;088.15,,,90,015.00;011.67
1,Dr Frank Spencer,15/02/2019,600,510,085.00;088.15,,,90,015.00;011.67
1,Dr Frank Spencer,16/02/2019,600,510,085.00;088.15,,,90,015.00;011.67
1,Dr Frank Spencer,18/02/2019,600,510,085.00;088.15,,,90,015.00;011.67
1,Dr Frank Spencer,19/02/2019,600,510,085.00;088.15,,,90,015.00;011.67
1,Dr Frank Spencer,20/02/2019,600,510,085.00;088.15,,,90,015.00;011.67
1,Dr Frank Spencer,21/02/2019,600,510,085.00;088.15,,,90,015.00;011.67
1,Dr Frank Spencer,22/02/2019,600,510,085.00;088.15,,,90,015.00;011.67
1,Dr Frank Spencer,23/02/2019,600,510,085.00;088.15,,,90,015.00;011.67
1,Dr Frank Spencer,25/02/2019,600,510,085.00;088.15,,,90,015.00;011.67
1,Dr Frank Spencer,26/02/2019,600,510,085.00;088.15,,,90,015.00;011.67
1,Dr Frank Spencer,27/02/2019,600,510,085.00;088.15,,,90,015.00;011.67
1,Dr Frank Spencer,28/02/2019,600,510,085.00;088.15,,,90,015.00;011.67
1,Dr Frank Spencer,1/03/2019,600,510,085.00;088.15,,,90,015.00;011.67
1,Dr Frank Spencer,2/03/2019,600,510,085.00;088.15,,,90,015.00;011.67
1,Dr Frank Spencer,4/03/2019,600,510,085.00;088.15,,,90,015.00;011.67
1,Dr Frank Spencer,5/03/2019,600,510,085.00;088.15,,,90,015.00;011.67
1,Dr Frank Spencer,6/03/2019,600,510,085.00;088.15,,,90,015.00;011.67
1,Dr Frank Spencer,7/03/2019,600,510,085.00;088.15,,,90,015.00;011.67
1,Dr Frank Spencer,8/03/2019,600,510,085.00;088.15,,,90,015.00;011.67
1,Dr Frank Spencer,9/03/2019,600,510,085.00;088.15,,,90,015.00;011.67
1,Dr Frank Spencer,11/03/2019,600,510,085.00;088.15,,,90,015.00;011.67
1,Dr Frank Spencer,12/03/2019,600,510,085.00;088.15,,,90,015.00;011.67
1,Dr Frank Spencer,13/03/2019,600,510,085.00;088.15,,,90,015.00;011.67
1,Dr Frank Spencer,14/03/2019,600,510,085.00;088.15,,,90,015.00;011.67
1,Dr Frank Spencer,15/03/2019,600,510,085.00;088.15,,,90,015.00;011.67
1,Dr Frank Spencer,16/03/2019,600,510,085.00;088.15,,,90,015.00;011.67
1,Dr Frank Spencer,18/03/2019,600,510,085.00;088.15,,,90,015.00;011.67
1,Dr Frank Spencer,19/03/2019,600,510,085.00;088.15,,,90,015.00;011.67
1,Dr Frank Spencer,20/03/2019,600,510,085.00;088.15,,,90,015.00;011.67
1,Dr Frank Spencer,21/03/2019,600,510,085.00;088.15,,,90,015.00;011.67
1,Dr Frank Spencer,22/03/2019,600,510,085.00;088.15,,,90,015.00;011.67
1,Dr Frank Spencer,23/03/2019,600,510,085.00;088.15,,,90,015.00;011.67
1,Dr Frank Spencer,25/03/2019,600,510,085.00;088.15,,,90,015.00;011.67
1,Dr Frank Spencer,26/03/2019,600,510,085.00;088.15,,,90,015.00;011.67
1,Dr Frank Spencer,27/03/2019,600,510,085.00;088.15,,,90,015.00;011.67
1,Dr Frank Spencer,28/03/2019,600,510,085.00;088.15,,,90,015.00;011.67
1,Dr Frank Spencer,29/03/2019,600,510,085.00;088.15,,,90,015.00;011.67
1,Dr Frank Spencer,30/03/2019,600,510,085.00;088.15,,,90,015.00;011.67
1,Dr Frank Spencer,1/04/2019,600,510,085.00;088.15,,,90,015.00;011.67
1,Dr Frank Spencer,2/04/2019,600,510,085.00;088.15,,,90,015.00;011.67
1,Dr Frank Spencer,3/04/2019,600,510,085.00;088.15,,,90,015.00;011.67
1,Dr Frank Spencer,4/04/2019,600,510,085.00;088.15,,,90,015.00;011.67
1,Dr Frank Spencer,5/04/2019,600,510,085.00;088.15,,,90,015.00;011.67
1,Dr Frank Spencer,6/04/2019,600,510,085.00;088.15,,,90,015.00;011.67
1,Dr Frank Spencer,8/04/2019,600,510,085.00;088.15,,,90,015.00;011.67
1,Dr Frank Spencer,9/04/2019,600,510,085.00;088.15,,,90,015.00;011.67
1,Dr Frank Spencer,10/04/2019,600,510,085.00;088.15,,,90,015.00;011.67
1,Dr Frank Spencer,11/04/2019,600,420,070.00;088.15,90,015.00;000.18,90,015.00;011.67
1,Dr Frank Spencer,12/04/2019,600,315,052.50;088.15,195,032.50;000.18,90,015.00;011.67
1,Dr Frank Spencer,13/04/2019,600,510,085.00;088.15,,,90,015.00;011.67
1,Dr Frank Spencer,15/04/2019,600,330,055.00;088.15,180,030.00;000.18,90,015.00;011.67
1,Dr Frank Spencer,16/04/2019,600,495,082.50;088.15,15,002.50;000.18,90,015.00;011.67
1,Dr Frank Spencer,17/04/2019,600,420,070.00;088.15,90,015.00;000.18,90,015.00;011.67
1,Dr Frank Spencer,18/04/2019,600,510,085.00;088.15,,,90,015.00;011.67
1,Dr Frank Spencer,19/04/2019,600,510,085.00;088.15,,,90,015.00;011.67
1,Dr Frank Spencer,20/04/2019,600,510,085.00;088.15,,,90,015.00;011.67
1,Dr Frank Spencer,22/04/2019,600,510,085.00;088.15,,,90,015.00;011.67
1,Dr Frank Spencer,23/04/2019,600,510,085.00;088.15,,,90,015.00;011.67
1,Dr Frank Spencer,24/04/2019,600,510,085.00;088.15,,,90,015.00;011.67
1,Dr Frank Spencer,25/04/2019,600,510,085.00;088.15,,,90,015.00;011.67
1,Dr Frank Spencer,26/04/2019,600,510,085.00;088.15,,,90,015.00;011.67
1,Dr Frank Spencer,27/04/2019,600,510,085.00;088.15,,,90,015.00;011.67
1,Dr Frank Spencer,29/04/2019,600,510,085.00;088.15,,,90,015.00;011.67
1,Dr Frank Spencer,30/04/2019,600,510,085.00;088.15,,,90,015.00;011.67
1,Dr Frank Spencer,1/05/2019,600,510,085.00;088.15,,,90,015.00;011.67
1,Dr Frank Spencer,2/05/2019,600,510,085.00;088.15,,,90,015.00;011.67
1,Dr Frank Spencer,3/05/2019,600,510,085.00;088.15,,,90,015.00;011.67
1,Dr Frank Spencer,4/05/2019,600,510,085.00;088.15,,,90,015.00;011.67
1,Dr Frank Spencer,6/05/2019,600,510,085.00;088.15,,,90,015.00;011.67
1,Dr Frank Spencer,7/05/2019,600,510,085.00;088.15,,,90,015.00;011.67
1,Dr Frank Spencer,8/05/2019,600,510,085.00;088.15,,,90,015.00;011.67
1,Dr Frank Spencer,9/05/2019,600,510,085.00;088.15,,,90,015.00;011.67
1,Dr Frank Spencer,10/05/2019,600,510,085.00;088.15,,,90,015.00;011.67
1,Dr Frank Spencer,11/05/2019,600,510,085.00;088.15,,,90,015.00;011.67
1,Dr Frank Spencer,13/05/2019,600,510,085.00;088.15,,,90,015.00;011.67
1,Dr Frank Spencer,14/05/2019,600,510,085.00;088.15,,,90,015.00;011.67
1,Dr Frank Spencer,15/05/2019,600,510,085.00;088.15,,,90,015.00;011.67
1,Dr Frank Spencer,16/05/2019,600,510,085.00;088.15,,,90,015.00;011.67
1,Dr Frank Spencer,17/05/2019,600,510,085.00;088.15,,,90,015.00;011.67
1,Dr Frank Spencer,18/05/2019,600,510,085.00;088.15,,,90,015.00;011.67
1,Dr Frank Spencer,20/05/2019,600,510,085.00;088.15,,,90,015.00;011.67
1,Dr Frank Spencer,21/05/2019,600,510,085.00;088.15,,,90,015.00;011.67
1,Dr Frank Spencer,22/05/2019,600,510,085.00;088.15,,,90,015.00;011.67
1,Dr Frank Spencer,23/05/2019,600,510,085.00;088.15,,,90,015.00;011.67
1,Dr Frank Spencer,24/05/2019,600,510,085.00;088.15,,,90,015.00;011.67
1,Dr Frank Spencer,25/05/2019,600,510,085.00;088.15,,,90,015.00;011.67
1,Dr Frank Spencer,27/05/2019,600,510,085.00;088.15,,,90,015.00;011.67
1,Dr Frank Spencer,28/05/2019,600,510,085.00;088.15,,,90,015.00;011.67
1,Dr Frank Spencer,29/05/2019,600,510,085.00;088.15,,,90,015.00;011.67
1,Dr Frank Spencer,30/05/2019,600,510,085.00;088.15,,,90,015.00;011.67
1,Dr Frank Spencer,31/05/2019,600,510,085.00;088.15,,,90,015.00;011.67
1,Dr Frank Spencer,1/06/2019,600,510,085.00;088.15,,,90,015.00;011.67
1,Dr Frank Spencer,3/06/2019,600,510,085.00;088.15,,,90,015.00;011.67
1,Dr Frank Spencer,4/06/2019,600,510,085.00;088.15,,,90,015.00;011.67
1,Dr Frank Spencer,5/06/2019,600,510,085.00;088.15,,,90,015.00;011.67
1,Dr Frank Spencer,6/06/2019,600,510,085.00;088.15,,,90,015.00;011.67
1,Dr Frank Spencer,7/06/2019,600,510,085.00;088.15,,,90,015.00;011.67
1,Dr Frank Spencer,8/06/2019,600,510,085.00;088.15,,,90,015.00;011.67
1,Dr Frank Spencer,10/06/2019,600,510,085.00;088.15,,,90,015.00;011.67
1,Dr Frank Spencer,11/06/2019,600,510,085.00;088.15,,,90,015.00;011.67
1,Dr Frank Spencer,12/06/2019,600,510,085.00;088.15,,,90,015.00;011.67
1,Dr Frank Spencer,13/06/2019,600,510,085.00;088.15,,,90,015.00;011.67
1,Dr Frank Spencer,14/06/2019,600,510,085.00;088.15,,,90,015.00;011.67
1,Dr Frank Spencer,15/06/2019,600,510,085.00;088.15,,,90,015.00;011.67
1,Dr Frank Spencer,17/06/2019,600,510,085.00;088.15,,,90,015.00;011.67
1,Dr Frank Spencer,18/06/2019,600,510,085.00;088.15,,,90,015.00;011.67
1,Dr Frank Spencer,19/06/2019,600,510,085.00;088.15,,,90,015.00;011.67
1,Dr Frank Spencer,20/06/2019,600,510,085.00;088.15,,,90,015.00;011.67
1,Dr Frank Spencer,21/06/2019,600,510,085.00;088.15,,,90,015.00;011.67
1,Dr Frank Spencer,22/06/2019,600,510,085.00;088.15,,,90,015.00;011.67
1,Dr Frank Spencer,24/06/2019,600,510,085.00;088.15,,,90,015.00;011.67
1,Dr Frank Spencer,25/06/2019,600,510,085.00;088.15,,,90,015.00;011.67
1,Dr Frank Spencer,26/06/2019,600,510,085.00;088.15,,,90,015.00;011.67
1,Dr Frank Spencer,27/06/2019,600,510,085.00;088.15,,,90,015.00;011.67
1,Dr Frank Spencer,28/06/2019,600,510,085.00;088.15,,,90,015.00;011.67
1,Dr Frank Spencer,29/06/2019,600,510,085.00;088.15,,,90,015.00;011.67
1,Dr Frank Spencer,1/07/2019,600,510,085.00;088.15,,,90,015.00;011.67
1,Dr Frank Spencer,2/07/2019,600,510,085.00;088.15,,,90,015.00;011.67
1,Dr Frank Spencer,3/07/2019,600,510,085.00;088.15,,,90,015.00;011.67
1,Dr Frank Spencer,4/07/2019,600,510,085.00;088.15,,,90,015.00;011.67
1,Dr Frank Spencer,5/07/2019,600,510,085.00;088.15,,,90,015.00;011.67
1,Dr Frank Spencer,6/07/2019,600,510,085.00;088.15,,,90,015.00;011.67
1,Dr Frank Spencer,8/07/2019,600,510,085.00;088.15,,,90,015.00;011.67
1,Dr Frank Spencer,9/07/2019,600,510,085.00;088.15,,,90,015.00;011.67
1,Dr Frank Spencer,10/07/2019,600,510,085.00;088.15,,,90,015.00;011.67
1,Dr Frank Spencer,11/07/2019,600,510,085.00;088.15,,,90,015.00;011.67
1,Dr Frank Spencer,12/07/2019,600,510,085.00;088.15,,,90,015.00;011.67
1,Dr Frank Spencer,13/07/2019,600,510,085.00;088.15,,,90,015.00;011.67
1,Dr Frank Spencer,15/07/2019,600,510,085.00;088.15,,,90,015.00;011.67
1,Dr Frank Spencer,16/07/2019,600,510,085.00;088.15,,,90,015.00;011.67
1,Dr Frank Spencer,17/07/2019,600,510,085.00;088.15,,,90,015.00;011.67
1,Dr Frank Spencer,18/07/2019,600,510,085.00;088.15,,,90,015.00;011.67
1,Dr Frank Spencer,19/07/2019,600,510,085.00;088.15,,,90,015.00;011.67
1,Dr Frank Spencer,20/07/2019,600,510,085.00;088.15,,,90,015.00;011.67
1,Dr Frank Spencer,22/07/2019,600,510,085.00;088.15,,,90,015.00;011.67
1,Dr Frank Spencer,23/07/2019,600,510,085.00;088.15,,,90,015.00;011.67
1,Dr Frank Spencer,24/07/2019,600,510,085.00;088.15,,,90,015.00;011.67
1,Dr Frank Spencer,25/07/2019,600,510,085.00;088.15,,,90,015.00;011.67
1,Dr Frank Spencer,26/07/2019,600,510,085.00;088.15,,,90,015.00;011.67
1,Dr Frank Spencer,27/07/2019,600,510,085.00;088.15,,,90,015.00;011.67
1,Dr Frank Spencer,29/07/2019,600,510,085.00;088.15,,,90,015.00;011.67
1,Dr Frank Spencer,30/07/2019,600,510,085.00;088.15,,,90,015.00;011.67
1,Dr Frank Spencer,31/07/2019,600,510,085.00;088.15,,,90,015.00;011.67
1,Dr Frank Spencer,1/08/2019,600,510,085.00;088.15,,,90,015.00;011.67
1,Dr Frank Spencer,2/08/2019,600,510,085.00;088.15,,,90,015.00;011.67
1,Dr Frank Spencer,3/08/2019,600,510,085.00;088.15,,,90,015.00;011.67
1,Dr Frank Spencer,5/08/2019,600,510,085.00;088.15,,,90,015.00;011.67
1,Dr Frank Spencer,6/08/2019,600,510,085.00;088.15,,,90,015.00;011.67
1,Dr Frank Spencer,7/08/2019,600,510,085.00;088.15,,,90,015.00;011.67
1,Dr Frank Spencer,8/08/2019,600,510,085.00;088.15,,,90,015.00;011.67
1,Dr Frank Spencer,9/08/2019,600,510,085.00;088.15,,,90,015.00;011.67
1,Dr Frank Spencer,10/08/2019,600,510,085.00;088.15,,,90,015.00;011.67
1,Dr Frank Spencer,12/08/2019,600,510,085.00;088.15,,,90,015.00;011.67
1,Dr Frank Spencer,13/08/2019,600,510,085.00;088.15,,,90,015.00;011.67
1,Dr Frank Spencer,14/08/2019,600,510,085.00;088.15,,,90,015.00;011.67
1,Dr Frank Spencer,15/08/2019,600,510,085.00;088.15,,,90,015.00;011.67
1,Dr Frank Spencer,16/08/2019,600,510,085.00;088.15,,,90,015.00;011.67
1,Dr Frank Spencer,17/08/2019,600,510,085.00;088.15,,,90,015.00;011.67
1,Dr Frank Spencer,19/08/2019,600,510,085.00;088.15,,,90,015.00;011.67
1,Dr Frank Spencer,20/08/2019,600,510,085.00;088.15,,,90,015.00;011.67
1,Dr Frank Spencer,21/08/2019,600,510,085.00;088.15,,,90,015.00;011.67
1,Dr Frank Spencer,22/08/2019,600,510,085.00;088.15,,,90,015.00;011.67
1,Dr Frank Spencer,23/08/2019,600,510,085.00;088.15,,,90,015.00;011.67
1,Dr Frank Spencer,24/08/2019,600,510,085.00;088.15,,,90,015.00;011.67
1,Dr Frank Spencer,26/08/2019,600,510,085.00;088.15,,,90,015.00;011.67
1,Dr Frank Spencer,27/08/2019,600,510,085.00;088.15,,,90,015.00;011.67
1,Dr Frank Spencer,28/08/2019,600,510,085.00;088.15,,,90,015.00;011.67
1,Dr Frank Spencer,29/08/2019,600,510,085.00;088.15,,,90,015.00;011.67
1,Dr Frank Spencer,30/08/2019,600,510,085.00;088.15,,,90,015.00;011.67
1,Dr Frank Spencer,31/08/2019,600,510,085.00;088.15,,,90,015.00;011.67
1,Dr Frank Spencer,2/09/2019,600,510,085.00;088.15,,,90,015.00;011.67
1,Dr Frank Spencer,3/09/2019,600,510,085.00;088.15,,,90,015.00;011.67
1,Dr Frank Spencer,4/09/2019,600,510,085.00;088.15,,,90,015.00;011.67
1,Dr Frank Spencer,5/09/2019,600,510,085.00;088.15,,,90,015.00;011.67
1,Dr Frank Spencer,6/09/2019,600,510,085.00;088.15,,,90,015.00;011.67
1,Dr Frank Spencer,7/09/2019,600,510,085.00;088.15,,,90,015.00;011.67
1,Dr Frank Spencer,9/09/2019,600,510,085.00;088.15,,,90,015.00;011.67
1,Dr Frank Spencer,10/09/2019,600,510,085.00;088.15,,,90,015.00;011.67
1,Dr Frank Spencer,11/09/2019,600,510,085.00;088.15,,,90,015.00;011.67
1,Dr Frank Spencer,12/09/2019,600,510,085.00;088.15,,,90,015.00;011.67
1,Dr Frank Spencer,13/09/2019,600,510,085.00;088.15,,,90,015.00;011.67
1,Dr Frank Spencer,14/09/2019,600,510,085.00;088.15,,,90,015.00;011.67
1,Dr Frank Spencer,16/09/2019,600,510,085.00;088.15,,,90,015.00;011.67
1,Dr Frank Spencer,17/09/2019,600,510,085.00;088.15,,,90,015.00;011.67
1,Dr Frank Spencer,18/09/2019,600,510,085.00;088.15,,,90,015.00;011.67
1,Dr Frank Spencer,19/09/2019,600,510,085.00;088.15,,,90,015.00;011.67
1,Dr Frank Spencer,20/09/2019,600,510,085.00;088.15,,,90,015.00;011.67
1,Dr Frank Spencer,21/09/2019,600,510,085.00;088.15,,,90,015.00;011.67
1,Dr Frank Spencer,23/09/2019,600,510,085.00;088.15,,,90,015.00;011.67
1,Dr Frank Spencer,24/09/2019,600,510,085.00;088.15,,,90,015.00;011.67
1,Dr Frank Spencer,25/09/2019,600,510,085.00;088.15,,,90,015.00;011.67
1,Dr Frank Spencer,26/09/2019,600,510,085.00;088.15,,,90,015.00;011.67
1,Dr Frank Spencer,27/09/2019,600,510,085.00;088.15,,,90,015.00;011.67
1,Dr Frank Spencer,28/09/2019,600,510,085.00;088.15,,,90,015.00;011.67
1,Dr Frank Spencer,30/09/2019,600,510,085.00;088.15,,,90,015.00;011.67
1,Dr Frank Spencer,1/10/2019,600,510,085.00;088.15,,,90,015.00;011.67
1,Dr Frank Spencer,2/10/2019,600,510,085.00;088.15,,,90,015.00;011.67
1,Dr Frank Spencer,3/10/2019,600,510,085.00;088.15,,,90,015.00;011.67
1,Dr Frank Spencer,4/10/2019,600,510,085.00;088.15,,,90,015.00;011.67
1,Dr Frank Spencer,5/10/2019,600,510,085.00;088.15,,,90,015.00;011.67
1,Dr Frank Spencer,7/10/2019,600,510,085.00;088.15,,,90,015.00;011.67
1,Dr Frank Spencer,8/10/2019,600,510,085.00;088.15,,,90,015.00;011.67
1,Dr Frank Spencer,9/10/2019,600,510,085.00;088.15,,,90,015.00;011.67
1,Dr Frank Spencer,10/10/2019,600,510,085.00;088.15,,,90,015.00;011.67
1,Dr Frank Spencer,11/10/2019,600,510,085.00;088.15,,,90,015.00;011.67
1,Dr Frank Spencer,12/10/2019,600,510,085.00;088.15,,,90,015.00;011.67
1,Dr Frank Spencer,14/10/2019,600,510,085.00;088.15,,,90,015.00;011.67
1,Dr Frank Spencer,15/10/2019,600,510,085.00;088.15,,,90,015.00;011.67
1,Dr Frank Spencer,16/10/2019,600,510,085.00;088.15,,,90,015.00;011.67
1,Dr Frank Spencer,17/10/2019,600,510,085.00;088.15,,,90,015.00;011.67
1,Dr Frank Spencer,18/10/2019,600,510,085.00;088.15,,,90,015.00;011.67
1,Dr Frank Spencer,19/10/2019,600,510,085.00;088.15,,,90,015.00;011.67
1,Dr Frank Spencer,21/10/2019,600,510,085.00;088.15,,,90,015.00;011.67
1,Dr Frank Spencer,22/10/2019,600,510,085.00;088.15,,,90,015.00;011.67
1,Dr Frank Spencer,23/10/2019,600,510,085.00;088.15,,,90,015.00;011.67
1,Dr Frank Spencer,24/10/2019,600,510,085.00;088.15,,,90,015.00;011.67
1,Dr Frank Spencer,25/10/2019,600,510,085.00;088.15,,,90,015.00;011.67
1,Dr Frank Spencer,26/10/2019,600,510,085.00;088.15,,,90,015.00;011.67
1,Dr Frank Spencer,28/10/2019,600,510,085.00;088.15,,,90,015.00;011.67
1,Dr Frank Spencer,29/10/2019,600,510,085.00;088.15,,,90,015.00;011.67
1,Dr Frank Spencer,30/10/2019,600,510,085.00;088.15,,,90,015.00;011.67
1,Dr Frank Spencer,31/10/2019,600,510,085.00;088.15,,,90,015.00;011.67
1,Dr Frank Spencer,1/11/2019,600,510,085.00;088.15,,,90,015.00;011.67
1,Dr Frank Spencer,2/11/2019,600,510,085.00;088.15,,,90,015.00;011.67
1,Dr Frank Spencer,4/11/2019,600,510,085.00;088.15,,,90,015.00;011.67
1,Dr Frank Spencer,5/11/2019,600,510,085.00;088.15,,,90,015.00;011.67
1,Dr Frank Spencer,6/11/2019,600,510,085.00;088.15,,,90,015.00;011.67
1,Dr Frank Spencer,7/11/2019,600,510,085.00;088.15,,,90,015.00;011.67
1,Dr Frank Spencer,8/11/2019,600,510,085.00;088.15,,,90,015.00;011.67
1,Dr Frank Spencer,9/11/2019,600,510,085.00;088.15,,,90,015.00;011.67
1,Dr Frank Spencer,11/11/2019,600,510,085.00;088.15,,,90,015.00;011.67
1,Dr Frank Spencer,12/11/2019,600,510,085.00;088.15,,,90,015.00;011.67
1,Dr Frank Spencer,13/11/2019,600,510,085.00;088.15,,,90,015.00;011.67
1,Dr Frank Spencer,14/11/2019,600,510,085.00;088.15,,,90,015.00;011.67
1,Dr Frank Spencer,15/11/2019,600,510,085.00;088.15,,,90,015.00;011.67
1,Dr Frank Spencer,16/11/2019,600,510,085.00;088.15,,,90,015.00;011.67
1,Dr Frank Spencer,18/11/2019,600,510,085.00;088.15,,,90,015.00;011.67
1,Dr Frank Spencer,19/11/2019,600,510,085.00;088.15,,,90,015.00;011.67
1,Dr Frank Spencer,20/11/2019,600,510,085.00;088.15,,,90,015.00;011.67
1,Dr Frank Spencer,21/11/2019,600,510,085.00;088.15,,,90,015.00;011.67
1,Dr Frank Spencer,22/11/2019,600,510,085.00;088.15,,,90,015.00;011.67
1,Dr Frank Spencer,23/11/2019,600,510,085.00;088.15,,,90,015.00;011.67
1,Dr Frank Spencer,25/11/2019,600,510,085.00;088.15,,,90,015.00;011.67
1,Dr Frank Spencer,26/11/2019,600,510,085.00;088.15,,,90,015.00;011.67
1,Dr Frank Spencer,27/11/2019,600,510,085.00;088.15,,,90,015.00;011.67
1,Dr Frank Spencer,28/11/2019,600,510,085.00;088.15,,,90,015.00;011.67
1,Dr Frank Spencer,29/11/2019,600,510,085.00;088.15,,,90,015.00;011.67
1,Dr Frank Spencer,30/11/2019,600,510,085.00;088.15,,,90,015.00;011.67
1,Dr Frank Spencer,2/12/2019,600,510,085.00;088.15,,,90,015.00;011.67
1,Dr Frank Spencer,3/12/2019,600,510,085.00;088.15,,,90,015.00;011.67
1,Dr Frank Spencer,4/12/2019,600,510,085.00;088.15,,,90,015.00;011.67
1,Dr Frank Spencer,5/12/2019,600,510,085.00;088.15,,,90,015.00;011.67
1,Dr Frank Spencer,6/12/2019,600,510,085.00;088.15,,,90,015.00;011.67
1,Dr Frank Spencer,7/12/2019,600,510,085.00;088.15,,,90,015.00;011.67
1,Dr Frank Spencer,9/12/2019,600,510,085.00;088.15,,,90,015.00;011.67
1,Dr Frank Spencer,10/12/2019,600,510,085.00;088.15,,,90,015.00;011.67
1,Dr Frank Spencer,11/12/2019,600,510,085.00;088.15,,,90,015.00;011.67
1,Dr Frank Spencer,12/12/2019,600,510,085.00;088.15,,,90,015.00;011.67
1,Dr Frank Spencer,13/12/2019,600,510,085.00;088.15,,,90,015.00;011.67
1,Dr Frank Spencer,14/12/2019,600,510,085.00;088.15,,,90,015.00;011.67
1,Dr Frank Spencer,16/12/2019,600,510,085.00;088.15,,,90,015.00;011.67
1,Dr Frank Spencer,17/12/2019,600,510,085.00;088.15,,,90,015.00;011.67
1,Dr Frank Spencer,18/12/2019,600,510,085.00;088.15,,,90,015.00;011.67
1,Dr Frank Spencer,19/12/2019,600,510,085.00;088.15,,,90,015.00;011.67
1,Dr Frank Spencer,20/12/2019,600,510,085.00;088.15,,,90,015.00;011.67
1,Dr Frank Spencer,21/12/2019,600,510,085.00;088.15,,,90,015.00;011.67
1,Dr Frank Spencer,23/12/2019,600,510,085.00;088.15,,,90,015.00;011.67
1,Dr Frank Spencer,24/12/2019,600,510,085.00;088.15,,,90,015.00;011.67
1,Dr Frank Spencer,25/12/2019,600,510,085.00;088.15,,,90,015.00;011.67
1,Dr Frank Spencer,26/12/2019,600,510,085.00;088.15,,,90,015.00;011.67
1,Dr Frank Spencer,27/12/2019,600,510,085.00;088.15,,,90,015.00;011.67
1,Dr Frank Spencer,28/12/2019,600,510,085.00;088.15,,,90,015.00;011.67
1,Dr Frank Spencer,30/12/2019,600,510,085.00;088.15,,,90,015.00;011.67
1,Dr Frank Spencer,31/12/2019,600,510,085.00;088.15,,,90,015.00;011.67
1,Dr Frank Spencer,1/01/2020,600,510,085.00;088.15,,,90,015.00;011.67
1,Dr Frank Spencer,2/01/2020,600,510,085.00;088.15,,,90,015.00;011.67
1,Dr Frank Spencer,3/01/2020,600,510,085.00;088.15,,,90,015.00;011.67
1,Dr Frank Spencer,4/01/2020,600,510,085.00;088.15,,,90,015.00;011.67
1,Dr Frank Spencer,6/01/2020,600,510,085.00;088.15,,,90,015.00;011.67
1,Dr Frank Spencer,7/01/2020,600,510,085.00;088.15,,,90,015.00;011.67
1,Dr Frank Spencer,8/01/2020,600,510,085.00;088.15,,,90,015.00;011.67
1,Dr Frank Spencer,9/01/2020,600,510,085.00;088.15,,,90,015.00;011.67
1,Dr Frank Spencer,10/01/2020,600,510,085.00;088.15,,,90,015.00;011.67
1,Dr Frank Spencer,11/01/2020,600,510,085.00;088.15,,,90,015.00;011.67
1,Dr Frank Spencer,13/01/2020,600,510,085.00;088.15,,,90,015.00;011.67
1,Dr Frank Spencer,14/01/2020,600,510,085.00;088.15,,,90,015.00;011.67
1,Dr Frank Spencer,15/01/2020,600,510,085.00;088.15,,,90,015.00;011.67
1,Dr Frank Spencer,16/01/2020,600,510,085.00;088.15,,,90,015.00;011.67
1,Dr Frank Spencer,17/01/2020,600,510,085.00;088.15,,,90,015.00;011.67
1,Dr Frank Spencer,18/01/2020,600,510,085.00;088.15,,,90,015.00;011.67
1,Dr Frank Spencer,20/01/2020,600,510,085.00;088.15,,,90,015.00;011.67
1,Dr Frank Spencer,21/01/2020,600,510,085.00;088.15,,,90,015.00;011.67
1,Dr Frank Spencer,22/01/2020,600,510,085.00;088.15,,,90,015.00;011.67
1,Dr Frank Spencer,23/01/2020,600,510,085.00;088.15,,,90,015.00;011.67
1,Dr Frank Spencer,24/01/2020,600,510,085.00;088.15,,,90,015.00;011.67
1,Dr Frank Spencer,25/01/2020,600,510,085.00;088.15,,,90,015.00;011.67
1,Dr Frank Spencer,27/01/2020,600,510,085.00;088.15,,,90,015.00;011.67
1,Dr Frank Spencer,28/01/2020,600,510,085.00;088.15,,,90,015.00;011.67
1,Dr Frank Spencer,29/01/2020,600,510,085.00;088.15,,,90,015.00;011.67
1,Dr Frank Spencer,30/01/2020,600,510,085.00;088.15,,,90,015.00;011.67
1,Dr Frank Spencer,31/01/2020,600,510,085.00;088.15,,,90,015.00;011.67
1,Dr Frank Spencer,1/02/2020,600,510,085.00;088.15,,,90,015.00;011.67
1,Dr Frank Spencer,3/02/2020,600,510,085.00;088.15,,,90,015.00;011.67
1,Dr Frank Spencer,4/02/2020,600,510,085.00;088.15,,,90,015.00;011.67
1,Dr Frank Spencer,5/02/2020,600,510,085.00;088.15,,,90,015.00;011.67
1,Dr Frank Spencer,6/02/2020,600,510,085.00;088.15,,,90,015.00;011.67
1,Dr Frank Spencer,7/02/2020,600,510,085.00;088.15,,,90,015.00;011.67
1,Dr Frank Spencer,8/02/2020,600,510,085.00;088.15,,,90,015.00;011.67
1,Dr Frank Spencer,10/02/2020,600,510,085.00;088.15,,,90,015.00;011.67
1,Dr Frank Spencer,11/02/2020,600,510,085.00;088.15,,,90,015.00;011.67
1,Dr Frank Spencer,12/02/2020,600,510,085.00;088.15,,,90,015.00;011.67
1,Dr Frank Spencer,13/02/2020,600,510,085.00;088.15,,,90,015.00;011.67
1,Dr Frank Spencer,14/02/2020,600,510,085.00;088.15,,,90,015.00;011.67
1,Dr Frank Spencer,15/02/2020,600,510,085.00;088.15,,,90,015.00;011.67
1,Dr Frank Spencer,17/02/2020,600,510,085.00;088.15,,,90,015.00;011.67
1,Dr Frank Spencer,18/02/2020,600,510,085.00;088.15,,,90,015.00;011.67
1,Dr Frank Spencer,19/02/2020,600,510,085.00;088.15,,,90,015.00;011.67
1,Dr Frank Spencer,20/02/2020,600,510,085.00;088.15,,,90,015.00;011.67
1,Dr Frank Spencer,21/02/2020,600,510,085.00;088.15,,,90,015.00;011.67
1,Dr Frank Spencer,22/02/2020,600,510,085.00;088.15,,,90,015.00;011.67
1,Dr Frank Spencer,24/02/2020,600,510,085.00;088.15,,,90,015.00;011.67
1,Dr Frank Spencer,25/02/2020,600,510,085.00;088.15,,,90,015.00;011.67
1,Dr Frank Spencer,26/02/2020,600,510,085.00;088.15,,,90,015.00;011.67
1,Dr Frank Spencer,27/02/2020,600,510,085.00;088.15,,,90,015.00;011.67
1,Dr Frank Spencer,28/02/2020,600,510,085.00;088.15,,,90,015.00;011.67
1,Dr Frank Spencer,29/02/2020,600,510,085.00;088.15,,,90,015.00;011.67
1,Dr Frank Spencer,2/03/2020,600,510,085.00;088.15,,,90,015.00;011.67
1,Dr Frank Spencer,3/03/2020,600,510,085.00;088.15,,,90,015.00;011.67
1,Dr Frank Spencer,4/03/2020,600,510,085.00;088.15,,,90,015.00;011.67
1,Dr Frank Spencer,5/03/2020,600,510,085.00;088.15,,,90,015.00;011.67
1,Dr Frank Spencer,6/03/2020,600,510,085.00;088.15,,,90,015.00;011.67
1,Dr Frank Spencer,7/03/2020,600,510,085.00;088.15,,,90,015.00;011.67
1,Dr Frank Spencer,9/03/2020,600,510,085.00;088.15,,,90,015.00;011.67
1,Dr Frank Spencer,10/03/2020,600,510,085.00;088.15,,,90,015.00;011.67
1,Dr Frank Spencer,11/03/2020,600,510,085.00;088.15,,,90,015.00;011.67
1,Dr Frank Spencer,12/03/2020,600,510,085.00;088.15,,,90,015.00;011.67
1,Dr Frank Spencer,13/03/2020,600,510,085.00;088.15,,,90,015.00;011.67
1,Dr Frank Spencer,14/03/2020,600,510,085.00;088.15,,,90,015.00;011.67
1,Dr Frank Spencer,16/03/2020,600,510,085.00;088.15,,,90,015.00;011.67
1,Dr Frank Spencer,17/03/2020,600,510,085.00;088.15,,,90,015.00;011.67
1,Dr Frank Spencer,18/03/2020,600,510,085.00;088.15,,,90,015.00;011.67
1,Dr Frank Spencer,19/03/2020,600,510,085.00;088.15,,,90,015.00;011.67
1,Dr Frank Spencer,20/03/2020,600,510,085.00;088.15,,,90,015.00;011.67
1,Dr Frank Spencer,21/03/2020,600,510,085.00;088.15,,,90,015.00;011.67
1,Dr Frank Spencer,23/03/2020,600,510,085.00;088.15,,,90,015.00;011.67
1,Dr Frank Spencer,24/03/2020,600,510,085.00;088.15,,,90,015.00;011.67
1,Dr Frank Spencer,25/03/2020,600,510,085.00;088.15,,,90,015.00;011.67
1,Dr Frank Spencer,26/03/2020,600,510,085.00;088.15,,,90,015.00;011.67
1,Dr Frank Spencer,27/03/2020,600,510,085.00;088.15,,,90,015.00;011.67
1,Dr Frank Spencer,28/03/2020,600,510,085.00;088.15,,,90,015.00;011.67
1,Dr Frank Spencer,30/03/2020,600,510,085.00;088.15,,,90,015.00;011.67
1,Dr Frank Spencer,31/03/2020,600,510,085.00;088.15,,,90,015.00;011.67
1,Dr Frank Spencer,1/04/2020,600,510,085.00;088.15,,,90,015.00;011.67
1,Dr Frank Spencer,2/04/2020,600,510,085.00;088.15,,,90,015.00;011.67
1,Dr Frank Spencer,3/04/2020,600,510,085.00;088.15,,,90,015.00;011.67
1,Dr Frank Spencer,4/04/2020,600,510,085.00;088.15,,,90,015.00;011.67
1,Dr Frank Spencer,6/04/2020,600,510,085.00;088.15,,,90,015.00;011.67
1,Dr Frank Spencer,7/04/2020,600,510,085.00;088.15,,,90,015.00;011.67
1,Dr Frank Spencer,8/04/2020,600,510,085.00;088.15,,,90,015.00;011.67
1,Dr Frank Spencer,9/04/2020,600,510,085.00;088.15,,,90,015.00;011.67
1,Dr Frank Spencer,10/04/2020,600,510,085.00;088.15,,,90,015.00;011.67
1,Dr Frank Spencer,11/04/2020,600,510,085.00;088.15,,,90,015.00;011.67
1,Dr Frank Spencer,13/04/2020,600,510,085.00;088.15,,,90,015.00;011.67
1,Dr Frank Spencer,14/04/2020,600,510,085.00;088.15,,,90,015.00;011.67
1,Dr Frank Spencer,15/04/2020,600,510,085.00;088.15,,,90,015.00;011.67
2,Dr Yuri Gargarin,1/01/2019,600,540,090.00;088.15,,,60,010.00;011.67
2,Dr Yuri Gargarin,2/01/2019,600,540,090.00;088.15,,,60,010.00;011.67
2,Dr Yuri Gargarin,3/01/2019,600,540,090.00;088.15,,,60,010.00;011.67
2,Dr Yuri Gargarin,4/01/2019,600,540,090.00;088.15,,,60,010.00;011.67
2,Dr Yuri Gargarin,5/01/2019,600,540,090.00;088.15,,,60,010.00;011.67
2,Dr Yuri Gargarin,7/01/2019,600,540,090.00;088.15,,,60,010.00;011.67
2,Dr Yuri Gargarin,8/01/2019,600,540,090.00;088.15,,,60,010.00;011.67
2,Dr Yuri Gargarin,9/01/2019,600,540,090.00;088.15,,,60,010.00;011.67
2,Dr Yuri Gargarin,10/01/2019,600,540,090.00;088.15,,,60,010.00;011.67
2,Dr Yuri Gargarin,11/01/2019,600,540,090.00;088.15,,,60,010.00;011.67
2,Dr Yuri Gargarin,12/01/2019,600,540,090.00;088.15,,,60,010.00;011.67
2,Dr Yuri Gargarin,14/01/2019,600,540,090.00;088.15,,,60,010.00;011.67
2,Dr Yuri Gargarin,15/01/2019,600,540,090.00;088.15,,,60,010.00;011.67
2,Dr Yuri Gargarin,16/01/2019,600,540,090.00;088.15,,,60,010.00;011.67
2,Dr Yuri Gargarin,17/01/2019,600,540,090.00;088.15,,,60,010.00;011.67
2,Dr Yuri Gargarin,18/01/2019,600,540,090.00;088.15,,,60,010.00;011.67
2,Dr Yuri Gargarin,19/01/2019,600,540,090.00;088.15,,,60,010.00;011.67
2,Dr Yuri Gargarin,21/01/2019,600,540,090.00;088.15,,,60,010.00;011.67
2,Dr Yuri Gargarin,22/01/2019,600,540,090.00;088.15,,,60,010.00;011.67
2,Dr Yuri Gargarin,23/01/2019,600,540,090.00;088.15,,,60,010.00;011.67
2,Dr Yuri Gargarin,24/01/2019,600,540,090.00;088.15,,,60,010.00;011.67
2,Dr Yuri Gargarin,25/01/2019,600,540,090.00;088.15,,,60,010.00;011.67
2,Dr Yuri Gargarin,26/01/2019,600,540,090.00;088.15,,,60,010.00;011.67
2,Dr Yuri Gargarin,28/01/2019,600,540,090.00;088.15,,,60,010.00;011.67
2,Dr Yuri Gargarin,29/01/2019,600,540,090.00;088.15,,,60,010.00;011.67
2,Dr Yuri Gargarin,30/01/2019,600,540,090.00;088.15,,,60,010.00;011.67
2,Dr Yuri Gargarin,31/01/2019,600,540,090.00;088.15,,,60,010.00;011.67
2,Dr Yuri Gargarin,1/02/2019,600,540,090.00;088.15,,,60,010.00;011.67
2,Dr Yuri Gargarin,2/02/2019,600,540,090.00;088.15,,,60,010.00;011.67
2,Dr Yuri Gargarin,4/02/2019,600,540,090.00;088.15,,,60,010.00;011.67
2,Dr Yuri Gargarin,5/02/2019,600,540,090.00;088.15,,,60,010.00;011.67
2,Dr Yuri Gargarin,6/02/2019,600,540,090.00;088.15,,,60,010.00;011.67
2,Dr Yuri Gargarin,7/02/2019,600,540,090.00;088.15,,,60,010.00;011.67
2,Dr Yuri Gargarin,8/02/2019,600,540,090.00;088.15,,,60,010.00;011.67
2,Dr Yuri Gargarin,9/02/2019,600,540,090.00;088.15,,,60,010.00;011.67
2,Dr Yuri Gargarin,11/02/2019,600,540,090.00;088.15,,,60,010.00;011.67
2,Dr Yuri Gargarin,12/02/2019,600,540,090.00;088.15,,,60,010.00;011.67
2,Dr Yuri Gargarin,13/02/2019,600,540,090.00;088.15,,,60,010.00;011.67
2,Dr Yuri Gargarin,14/02/2019,600,540,090.00;088.15,,,60,010.00;011.67
2,Dr Yuri Gargarin,15/02/2019,600,540,090.00;088.15,,,60,010.00;011.67
2,Dr Yuri Gargarin,16/02/2019,600,540,090.00;088.15,,,60,010.00;011.67
2,Dr Yuri Gargarin,18/02/2019,600,540,090.00;088.15,,,60,010.00;011.67
2,Dr Yuri Gargarin,19/02/2019,600,540,090.00;088.15,,,60,010.00;011.67
2,Dr Yuri Gargarin,20/02/2019,600,540,090.00;088.15,,,60,010.00;011.67
2,Dr Yuri Gargarin,21/02/2019,600,540,090.00;088.15,,,60,010.00;011.67
2,Dr Yuri Gargarin,22/02/2019,600,540,090.00;088.15,,,60,010.00;011.67
2,Dr Yuri Gargarin,23/02/2019,600,540,090.00;088.15,,,60,010.00;011.67
2,Dr Yuri Gargarin,25/02/2019,600,540,090.00;088.15,,,60,010.00;011.67
2,Dr Yuri Gargarin,26/02/2019,600,540,090.00;088.15,,,60,010.00;011.67
2,Dr Yuri Gargarin,27/02/2019,600,540,090.00;088.15,,,60,010.00;011.67
2,Dr Yuri Gargarin,28/02/2019,600,540,090.00;088.15,,,60,010.00;011.67
2,Dr Yuri Gargarin,1/03/2019,600,540,090.00;088.15,,,60,010.00;011.67
2,Dr Yuri Gargarin,2/03/2019,600,540,090.00;088.15,,,60,010.00;011.67
2,Dr Yuri Gargarin,4/03/2019,600,540,090.00;088.15,,,60,010.00;011.67
2,Dr Yuri Gargarin,5/03/2019,600,315,052.50;088.15,225,037.50;000.18,60,010.00;011.67
2,Dr Yuri Gargarin,6/03/2019,600,540,090.00;088.15,,,60,010.00;011.67
2,Dr Yuri Gargarin,7/03/2019,600,540,090.00;088.15,,,60,010.00;011.67
2,Dr Yuri Gargarin,8/03/2019,600,540,090.00;088.15,,,60,010.00;011.67
2,Dr Yuri Gargarin,9/03/2019,600,540,090.00;088.15,,,60,010.00;011.67
2,Dr Yuri Gargarin,11/03/2019,600,540,090.00;088.15,,,60,010.00;011.67
2,Dr Yuri Gargarin,12/03/2019,600,540,090.00;088.15,,,60,010.00;011.67
2,Dr Yuri Gargarin,13/03/2019,600,540,090.00;088.15,,,60,010.00;011.67
2,Dr Yuri Gargarin,14/03/2019,600,540,090.00;088.15,,,60,010.00;011.67
2,Dr Yuri Gargarin,15/03/2019,600,540,090.00;088.15,,,60,010.00;011.67
2,Dr Yuri Gargarin,16/03/2019,600,540,090.00;088.15,,,60,010.00;011.67
2,Dr Yuri Gargarin,18/03/2019,600,540,090.00;088.15,,,60,010.00;011.67
2,Dr Yuri Gargarin,19/03/2019,600,540,090.00;088.15,,,60,010.00;011.67
2,Dr Yuri Gargarin,20/03/2019,600,540,090.00;088.15,,,60,010.00;011.67
2,Dr Yuri Gargarin,21/03/2019,600,540,090.00;088.15,,,60,010.00;011.67
2,Dr Yuri Gargarin,22/03/2019,600,540,090.00;088.15,,,60,010.00;011.67
2,Dr Yuri Gargarin,23/03/2019,600,540,090.00;088.15,,,60,010.00;011.67
2,Dr Yuri Gargarin,25/03/2019,600,540,090.00;088.15,,,60,010.00;011.67
2,Dr Yuri Gargarin,26/03/2019,600,540,090.00;088.15,,,60,010.00;011.67
2,Dr Yuri Gargarin,27/03/2019,600,540,090.00;088.15,,,60,010.00;011.67
2,Dr Yuri Gargarin,28/03/2019,600,435,072.50;088.15,105,017.50;000.18,60,010.00;011.67
2,Dr Yuri Gargarin,29/03/2019,600,480,080.00;088.15,60,010.00;000.18,60,010.00;011.67
2,Dr Yuri Gargarin,30/03/2019,600,540,090.00;088.15,,,60,010.00;011.67
2,Dr Yuri Gargarin,1/04/2019,600,540,090.00;088.15,,,60,010.00;011.67
2,Dr Yuri Gargarin,2/04/2019,600,540,090.00;088.15,,,60,010.00;011.67
2,Dr Yuri Gargarin,3/04/2019,600,540,090.00;088.15,,,60,010.00;011.67
2,Dr Yuri Gargarin,4/04/2019,600,540,090.00;088.15,,,60,010.00;011.67
2,Dr Yuri Gargarin,5/04/2019,600,540,090.00;088.15,,,60,010.00;011.67
2,Dr Yuri Gargarin,6/04/2019,600,540,090.00;088.15,,,60,010.00;011.67
2,Dr Yuri Gargarin,8/04/2019,600,540,090.00;088.15,,,60,010.00;011.67
2,Dr Yuri Gargarin,9/04/2019,600,540,090.00;088.15,,,60,010.00;011.67
2,Dr Yuri Gargarin,10/04/2019,600,495,082.50;088.15,45,007.50;000.18,60,010.00;011.67
2,Dr Yuri Gargarin,11/04/2019,600,420,070.00;088.15,120,020.00;000.18,60,010.00;011.67
2,Dr Yuri Gargarin,12/04/2019,600,540,090.00;088.15,,,60,010.00;011.67
2,Dr Yuri Gargarin,13/04/2019,600,540,090.00;088.15,,,60,010.00;011.67
2,Dr Yuri Gargarin,15/04/2019,600,540,090.00;088.15,,,60,010.00;011.67
2,Dr Yuri Gargarin,16/04/2019,600,540,090.00;088.15,,,60,010.00;011.67
2,Dr Yuri Gargarin,17/04/2019,600,540,090.00;088.15,,,60,010.00;011.67
2,Dr Yuri Gargarin,18/04/2019,600,540,090.00;088.15,,,60,010.00;011.67
2,Dr Yuri Gargarin,19/04/2019,600,540,090.00;088.15,,,60,010.00;011.67
2,Dr Yuri Gargarin,20/04/2019,600,540,090.00;088.15,,,60,010.00;011.67
2,Dr Yuri Gargarin,22/04/2019,600,540,090.00;088.15,,,60,010.00;011.67
2,Dr Yuri Gargarin,23/04/2019,600,540,090.00;088.15,,,60,010.00;011.67
2,Dr Yuri Gargarin,24/04/2019,600,540,090.00;088.15,,,60,010.00;011.67
2,Dr Yuri Gargarin,25/04/2019,600,540,090.00;088.15,,,60,010.00;011.67
2,Dr Yuri Gargarin,26/04/2019,600,540,090.00;088.15,,,60,010.00;011.67
2,Dr Yuri Gargarin,27/04/2019,600,540,090.00;088.15,,,60,010.00;011.67
2,Dr Yuri Gargarin,29/04/2019,600,540,090.00;088.15,,,60,010.00;011.67
2,Dr Yuri Gargarin,30/04/2019,600,540,090.00;088.15,,,60,010.00;011.67
2,Dr Yuri Gargarin,1/05/2019,600,540,090.00;088.15,,,60,010.00;011.67
2,Dr Yuri Gargarin,2/05/2019,600,540,090.00;088.15,,,60,010.00;011.67
2,Dr Yuri Gargarin,3/05/2019,600,540,090.00;088.15,,,60,010.00;011.67
2,Dr Yuri Gargarin,4/05/2019,600,540,090.00;088.15,,,60,010.00;011.67
2,Dr Yuri Gargarin,6/05/2019,600,540,090.00;088.15,,,60,010.00;011.67
2,Dr Yuri Gargarin,7/05/2019,600,540,090.00;088.15,,,60,010.00;011.67
2,Dr Yuri Gargarin,8/05/2019,600,540,090.00;088.15,,,60,010.00;011.67
2,Dr Yuri Gargarin,9/05/2019,600,540,090.00;088.15,,,60,010.00;011.67
2,Dr Yuri Gargarin,10/05/2019,600,540,090.00;088.15,,,60,010.00;011.67
2,Dr Yuri Gargarin,11/05/2019,600,540,090.00;088.15,,,60,010.00;011.67
2,Dr Yuri Gargarin,13/05/2019,600,540,090.00;088.15,,,60,010.00;011.67
2,Dr Yuri Gargarin,14/05/2019,600,540,090.00;088.15,,,60,010.00;011.67
2,Dr Yuri Gargarin,15/05/2019,600,540,090.00;088.15,,,60,010.00;011.67
2,Dr Yuri Gargarin,16/05/2019,600,540,090.00;088.15,,,60,010.00;011.67
2,Dr Yuri Gargarin,17/05/2019,600,540,090.00;088.15,,,60,010.00;011.67
2,Dr Yuri Gargarin,18/05/2019,600,540,090.00;088.15,,,60,010.00;011.67
2,Dr Yuri Gargarin,20/05/2019,600,540,090.00;088.15,,,60,010.00;011.67
2,Dr Yuri Gargarin,21/05/2019,600,540,090.00;088.15,,,60,010.00;011.67
2,Dr Yuri Gargarin,22/05/2019,600,540,090.00;088.15,,,60,010.00;011.67
2,Dr Yuri Gargarin,23/05/2019,600,540,090.00;088.15,,,60,010.00;011.67
2,Dr Yuri Gargarin,24/05/2019,600,540,090.00;088.15,,,60,010.00;011.67
2,Dr Yuri Gargarin,25/05/2019,600,540,090.00;088.15,,,60,010.00;011.67
2,Dr Yuri Gargarin,27/05/2019,600,540,090.00;088.15,,,60,010.00;011.67
2,Dr Yuri Gargarin,28/05/2019,600,540,090.00;088.15,,,60,010.00;011.67
2,Dr Yuri Gargarin,29/05/2019,600,540,090.00;088.15,,,60,010.00;011.67
2,Dr Yuri Gargarin,30/05/2019,600,540,090.00;088.15,,,60,010.00;011.67
2,Dr Yuri Gargarin,31/05/2019,600,540,090.00;088.15,,,60,010.00;011.67
2,Dr Yuri Gargarin,1/06/2019,600,540,090.00;088.15,,,60,010.00;011.67
2,Dr Yuri Gargarin,3/06/2019,600,540,090.00;088.15,,,60,010.00;011.67
2,Dr Yuri Gargarin,4/06/2019,600,540,090.00;088.15,,,60,010.00;011.67
2,Dr Yuri Gargarin,5/06/2019,600,540,090.00;088.15,,,60,010.00;011.67
2,Dr Yuri Gargarin,6/06/2019,600,540,090.00;088.15,,,60,010.00;011.67
2,Dr Yuri Gargarin,7/06/2019,600,540,090.00;088.15,,,60,010.00;011.67
2,Dr Yuri Gargarin,8/06/2019,600,540,090.00;088.15,,,60,010.00;011.67
2,Dr Yuri Gargarin,10/06/2019,600,540,090.00;088.15,,,60,010.00;011.67
2,Dr Yuri Gargarin,11/06/2019,600,540,090.00;088.15,,,60,010.00;011.67
2,Dr Yuri Gargarin,12/06/2019,600,540,090.00;088.15,,,60,010.00;011.67
2,Dr Yuri Gargarin,13/06/2019,600,540,090.00;088.15,,,60,010.00;011.67
2,Dr Yuri Gargarin,14/06/2019,600,540,090.00;088.15,,,60,010.00;011.67
2,Dr Yuri Gargarin,15/06/2019,600,540,090.00;088.15,,,60,010.00;011.67
2,Dr Yuri Gargarin,17/06/2019,600,540,090.00;088.15,,,60,010.00;011.67
2,Dr Yuri Gargarin,18/06/2019,600,540,090.00;088.15,,,60,010.00;011.67
2,Dr Yuri Gargarin,19/06/2019,600,540,090.00;088.15,,,60,010.00;011.67
2,Dr Yuri Gargarin,20/06/2019,600,540,090.00;088.15,,,60,010.00;011.67
2,Dr Yuri Gargarin,21/06/2019,600,540,090.00;088.15,,,60,010.00;011.67
2,Dr Yuri Gargarin,22/06/2019,600,540,090.00;088.15,,,60,010.00;011.67
2,Dr Yuri Gargarin,24/06/2019,600,540,090.00;088.15,,,60,010.00;011.67
2,Dr Yuri Gargarin,25/06/2019,600,540,090.00;088.15,,,60,010.00;011.67
2,Dr Yuri Gargarin,26/06/2019,600,540,090.00;088.15,,,60,010.00;011.67
2,Dr Yuri Gargarin,27/06/2019,600,540,090.00;088.15,,,60,010.00;011.67
2,Dr Yuri Gargarin,28/06/2019,600,540,090.00;088.15,,,60,010.00;011.67
2,Dr Yuri Gargarin,29/06/2019,600,540,090.00;088.15,,,60,010.00;011.67
2,Dr Yuri Gargarin,1/07/2019,600,540,090.00;088.15,,,60,010.00;011.67
2,Dr Yuri Gargarin,2/07/2019,600,540,090.00;088.15,,,60,010.00;011.67
2,Dr Yuri Gargarin,3/07/2019,600,540,090.00;088.15,,,60,010.00;011.67
2,Dr Yuri Gargarin,4/07/2019,600,540,090.00;088.15,,,60,010.00;011.67
2,Dr Yuri Gargarin,5/07/2019,600,540,090.00;088.15,,,60,010.00;011.67
2,Dr Yuri Gargarin,6/07/2019,600,540,090.00;088.15,,,60,010.00;011.67
2,Dr Yuri Gargarin,8/07/2019,600,540,090.00;088.15,,,60,010.00;011.67
2,Dr Yuri Gargarin,9/07/2019,600,540,090.00;088.15,,,60,010.00;011.67
2,Dr Yuri Gargarin,10/07/2019,600,540,090.00;088.15,,,60,010.00;011.67
2,Dr Yuri Gargarin,11/07/2019,600,540,090.00;088.15,,,60,010.00;011.67
2,Dr Yuri Gargarin,12/07/2019,600,540,090.00;088.15,,,60,010.00;011.67
2,Dr Yuri Gargarin,13/07/2019,600,540,090.00;088.15,,,60,010.00;011.67
2,Dr Yuri Gargarin,15/07/2019,600,540,090.00;088.15,,,60,010.00;011.67
2,Dr Yuri Gargarin,16/07/2019,600,540,090.00;088.15,,,60,010.00;011.67
2,Dr Yuri Gargarin,17/07/2019,600,540,090.00;088.15,,,60,010.00;011.67
2,Dr Yuri Gargarin,18/07/2019,600,540,090.00;088.15,,,60,010.00;011.67
2,Dr Yuri Gargarin,19/07/2019,600,540,090.00;088.15,,,60,010.00;011.67
2,Dr Yuri Gargarin,20/07/2019,600,540,090.00;088.15,,,60,010.00;011.67
2,Dr Yuri Gargarin,22/07/2019,600,540,090.00;088.15,,,60,010.00;011.67
2,Dr Yuri Gargarin,23/07/2019,600,540,090.00;088.15,,,60,010.00;011.67
2,Dr Yuri Gargarin,24/07/2019,600,540,090.00;088.15,,,60,010.00;011.67
2,Dr Yuri Gargarin,25/07/2019,600,540,090.00;088.15,,,60,010.00;011.67
2,Dr Yuri Gargarin,26/07/2019,600,540,090.00;088.15,,,60,010.00;011.67
2,Dr Yuri Gargarin,27/07/2019,600,540,090.00;088.15,,,60,010.00;011.67
2,Dr Yuri Gargarin,29/07/2019,600,540,090.00;088.15,,,60,010.00;011.67
2,Dr Yuri Gargarin,30/07/2019,600,540,090.00;088.15,,,60,010.00;011.67
2,Dr Yuri Gargarin,31/07/2019,600,540,090.00;088.15,,,60,010.00;011.67
2,Dr Yuri Gargarin,1/08/2019,600,540,090.00;088.15,,,60,010.00;011.67
2,Dr Yuri Gargarin,2/08/2019,600,540,090.00;088.15,,,60,010.00;011.67
2,Dr Yuri Gargarin,3/08/2019,600,540,090.00;088.15,,,60,010.00;011.67
2,Dr Yuri Gargarin,5/08/2019,600,540,090.00;088.15,,,60,010.00;011.67
2,Dr Yuri Gargarin,6/08/2019,600,540,090.00;088.15,,,60,010.00;011.67
2,Dr Yuri Gargarin,7/08/2019,600,540,090.00;088.15,,,60,010.00;011.67
2,Dr Yuri Gargarin,8/08/2019,600,540,090.00;088.15,,,60,010.00;011.67
2,Dr Yuri Gargarin,9/08/2019,600,540,090.00;088.15,,,60,010.00;011.67
2,Dr Yuri Gargarin,10/08/2019,600,540,090.00;088.15,,,60,010.00;011.67
2,Dr Yuri Gargarin,12/08/2019,600,540,090.00;088.15,,,60,010.00;011.67
2,Dr Yuri Gargarin,13/08/2019,600,540,090.00;088.15,,,60,010.00;011.67
2,Dr Yuri Gargarin,14/08/2019,600,540,090.00;088.15,,,60,010.00;011.67
2,Dr Yuri Gargarin,15/08/2019,600,540,090.00;088.15,,,60,010.00;011.67
2,Dr Yuri Gargarin,16/08/2019,600,540,090.00;088.15,,,60,010.00;011.67
2,Dr Yuri Gargarin,17/08/2019,600,540,090.00;088.15,,,60,010.00;011.67
2,Dr Yuri Gargarin,19/08/2019,600,540,090.00;088.15,,,60,010.00;011.67
2,Dr Yuri Gargarin,20/08/2019,600,540,090.00;088.15,,,60,010.00;011.67
2,Dr Yuri Gargarin,21/08/2019,600,540,090.00;088.15,,,60,010.00;011.67
2,Dr Yuri Gargarin,22/08/2019,600,540,090.00;088.15,,,60,010.00;011.67
2,Dr Yuri Gargarin,23/08/2019,600,540,090.00;088.15,,,60,010.00;011.67
2,Dr Yuri Gargarin,24/08/2019,600,540,090.00;088.15,,,60,010.00;011.67
2,Dr Yuri Gargarin,26/08/2019,600,540,090.00;088.15,,,60,010.00;011.67
2,Dr Yuri Gargarin,27/08/2019,600,540,090.00;088.15,,,60,010.00;011.67
2,Dr Yuri Gargarin,28/08/2019,600,540,090.00;088.15,,,60,010.00;011.67
2,Dr Yuri Gargarin,29/08/2019,600,540,090.00;088.15,,,60,010.00;011.67
2,Dr Yuri Gargarin,30/08/2019,600,540,090.00;088.15,,,60,010.00;011.67
2,Dr Yuri Gargarin,31/08/2019,600,540,090.00;088.15,,,60,010.00;011.67
2,Dr Yuri Gargarin,2/09/2019,600,540,090.00;088.15,,,60,010.00;011.67
2,Dr Yuri Gargarin,3/09/2019,600,540,090.00;088.15,,,60,010.00;011.67
2,Dr Yuri Gargarin,4/09/2019,600,540,090.00;088.15,,,60,010.00;011.67
2,Dr Yuri Gargarin,5/09/2019,600,540,090.00;088.15,,,60,010.00;011.67
2,Dr Yuri Gargarin,6/09/2019,600,540,090.00;088.15,,,60,010.00;011.67
2,Dr Yuri Gargarin,7/09/2019,600,540,090.00;088.15,,,60,010.00;011.67
2,Dr Yuri Gargarin,9/09/2019,600,540,090.00;088.15,,,60,010.00;011.67
2,Dr Yuri Gargarin,10/09/2019,600,540,090.00;088.15,,,60,010.00;011.67
2,Dr Yuri Gargarin,11/09/2019,600,540,090.00;088.15,,,60,010.00;011.67
2,Dr Yuri Gargarin,12/09/2019,600,540,090.00;088.15,,,60,010.00;011.67
2,Dr Yuri Gargarin,13/09/2019,600,540,090.00;088.15,,,60,010.00;011.67
2,Dr Yuri Gargarin,14/09/2019,600,540,090.00;088.15,,,60,010.00;011.67
2,Dr Yuri Gargarin,16/09/2019,600,540,090.00;088.15,,,60,010.00;011.67
2,Dr Yuri Gargarin,17/09/2019,600,540,090.00;088.15,,,60,010.00;011.67
2,Dr Yuri Gargarin,18/09/2019,600,540,090.00;088.15,,,60,010.00;011.67
2,Dr Yuri Gargarin,19/09/2019,600,540,090.00;088.15,,,60,010.00;011.67
2,Dr Yuri Gargarin,20/09/2019,600,540,090.00;088.15,,,60,010.00;011.67
2,Dr Yuri Gargarin,21/09/2019,600,540,090.00;088.15,,,60,010.00;011.67
2,Dr Yuri Gargarin,23/09/2019,600,540,090.00;088.15,,,60,010.00;011.67
2,Dr Yuri Gargarin,24/09/2019,600,540,090.00;088.15,,,60,010.00;011.67
2,Dr Yuri Gargarin,25/09/2019,600,540,090.00;088.15,,,60,010.00;011.67
2,Dr Yuri Gargarin,26/09/2019,600,540,090.00;088.15,,,60,010.00;011.67
2,Dr Yuri Gargarin,27/09/2019,600,540,090.00;088.15,,,60,010.00;011.67
2,Dr Yuri Gargarin,28/09/2019,600,540,090.00;088.15,,,60,010.00;011.67
2,Dr Yuri Gargarin,30/09/2019,600,540,090.00;088.15,,,60,010.00;011.67
2,Dr Yuri Gargarin,1/10/2019,600,540,090.00;088.15,,,60,010.00;011.67
2,Dr Yuri Gargarin,2/10/2019,600,540,090.00;088.15,,,60,010.00;011.67
2,Dr Yuri Gargarin,3/10/2019,600,540,090.00;088.15,,,60,010.00;011.67
2,Dr Yuri Gargarin,4/10/2019,600,540,090.00;088.15,,,60,010.00;011.67
2,Dr Yuri Gargarin,5/10/2019,600,540,090.00;088.15,,,60,010.00;011.67
2,Dr Yuri Gargarin,7/10/2019,600,540,090.00;088.15,,,60,010.00;011.67
2,Dr Yuri Gargarin,8/10/2019,600,540,090.00;088.15,,,60,010.00;011.67
2,Dr Yuri Gargarin,9/10/2019,600,540,090.00;088.15,,,60,010.00;011.67
2,Dr Yuri Gargarin,10/10/2019,600,540,090.00;088.15,,,60,010.00;011.67
2,Dr Yuri Gargarin,11/10/2019,600,540,090.00;088.15,,,60,010.00;011.67
2,Dr Yuri Gargarin,12/10/2019,600,540,090.00;088.15,,,60,010.00;011.67
2,Dr Yuri Gargarin,14/10/2019,600,540,090.00;088.15,,,60,010.00;011.67
2,Dr Yuri Gargarin,15/10/2019,600,540,090.00;088.15,,,60,010.00;011.67
2,Dr Yuri Gargarin,16/10/2019,600,540,090.00;088.15,,,60,010.00;011.67
2,Dr Yuri Gargarin,17/10/2019,600,540,090.00;088.15,,,60,010.00;011.67
2,Dr Yuri Gargarin,18/10/2019,600,540,090.00;088.15,,,60,010.00;011.67
2,Dr Yuri Gargarin,19/10/2019,600,540,090.00;088.15,,,60,010.00;011.67
2,Dr Yuri Gargarin,21/10/2019,600,540,090.00;088.15,,,60,010.00;011.67
2,Dr Yuri Gargarin,22/10/2019,600,540,090.00;088.15,,,60,010.00;011.67
2,Dr Yuri Gargarin,23/10/2019,600,540,090.00;088.15,,,60,010.00;011.67
2,Dr Yuri Gargarin,24/10/2019,600,540,090.00;088.15,,,60,010.00;011.67
2,Dr Yuri Gargarin,25/10/2019,600,540,090.00;088.15,,,60,010.00;011.67
2,Dr Yuri Gargarin,26/10/2019,600,540,090.00;088.15,,,60,010.00;011.67
2,Dr Yuri Gargarin,28/10/2019,600,540,090.00;088.15,,,60,010.00;011.67
2,Dr Yuri Gargarin,29/10/2019,600,540,090.00;088.15,,,60,010.00;011.67
2,Dr Yuri Gargarin,30/10/2019,600,540,090.00;088.15,,,60,010.00;011.67
2,Dr Yuri Gargarin,31/10/2019,600,540,090.00;088.15,,,60,010.00;011.67
2,Dr Yuri Gargarin,1/11/2019,600,540,090.00;088.15,,,60,010.00;011.67
2,Dr Yuri Gargarin,2/11/2019,600,540,090.00;088.15,,,60,010.00;011.67
2,Dr Yuri Gargarin,4/11/2019,600,540,090.00;088.15,,,60,010.00;011.67
2,Dr Yuri Gargarin,5/11/2019,600,540,090.00;088.15,,,60,010.00;011.67
2,Dr Yuri Gargarin,6/11/2019,600,540,090.00;088.15,,,60,010.00;011.67
2,Dr Yuri Gargarin,7/11/2019,600,540,090.00;088.15,,,60,010.00;011.67
2,Dr Yuri Gargarin,8/11/2019,600,540,090.00;088.15,,,60,010.00;011.67
2,Dr Yuri Gargarin,9/11/2019,600,540,090.00;088.15,,,60,010.00;011.67
2,Dr Yuri Gargarin,11/11/2019,600,540,090.00;088.15,,,60,010.00;011.67
2,Dr Yuri Gargarin,12/11/2019,600,540,090.00;088.15,,,60,010.00;011.67
2,Dr Yuri Gargarin,13/11/2019,600,540,090.00;088.15,,,60,010.00;011.67
2,Dr Yuri Gargarin,14/11/2019,600,540,090.00;088.15,,,60,010.00;011.67
2,Dr Yuri Gargarin,15/11/2019,600,540,090.00;088.15,,,60,010.00;011.67
2,Dr Yuri Gargarin,16/11/2019,600,540,090.00;088.15,,,60,010.00;011.67
2,Dr Yuri Gargarin,18/11/2019,600,540,090.00;088.15,,,60,010.00;011.67
2,Dr Yuri Gargarin,19/11/2019,600,540,090.00;088.15,,,60,010.00;011.67
2,Dr Yuri Gargarin,20/11/2019,600,540,090.00;088.15,,,60,010.00;011.67
2,Dr Yuri Gargarin,21/11/2019,600,540,090.00;088.15,,,60,010.00;011.67
2,Dr Yuri Gargarin,22/11/2019,600,540,090.00;088.15,,,60,010.00;011.67
2,Dr Yuri Gargarin,23/11/2019,600,540,090.00;088.15,,,60,010.00;011.67
2,Dr Yuri Gargarin,25/11/2019,600,540,090.00;088.15,,,60,010.00;011.67
2,Dr Yuri Gargarin,26/11/2019,600,540,090.00;088.15,,,60,010.00;011.67
2,Dr Yuri Gargarin,27/11/2019,600,540,090.00;088.15,,,60,010.00;011.67
2,Dr Yuri Gargarin,28/11/2019,600,540,090.00;088.15,,,60,010.00;011.67
2,Dr Yuri Gargarin,29/11/2019,600,540,090.00;088.15,,,60,010.00;011.67
2,Dr Yuri Gargarin,30/11/2019,600,540,090.00;088.15,,,60,010.00;011.67
2,Dr Yuri Gargarin,2/12/2019,600,540,090.00;088.15,,,60,010.00;011.67
2,Dr Yuri Gargarin,3/12/2019,600,540,090.00;088.15,,,60,010.00;011.67
2,Dr Yuri Gargarin,4/12/2019,600,540,090.00;088.15,,,60,010.00;011.67
2,Dr Yuri Gargarin,5/12/2019,600,540,090.00;088.15,,,60,010.00;011.67
2,Dr Yuri Gargarin,6/12/2019,600,540,090.00;088.15,,,60,010.00;011.67
2,Dr Yuri Gargarin,7/12/2019,600,540,090.00;088.15,,,60,010.00;011.67
2,Dr Yuri Gargarin,9/12/2019,600,540,090.00;088.15,,,60,010.00;011.67
2,Dr Yuri Gargarin,10/12/2019,600,540,090.00;088.15,,,60,010.00;011.67
2,Dr Yuri Gargarin,11/12/2019,600,540,090.00;088.15,,,60,010.00;011.67
2,Dr Yuri Gargarin,12/12/2019,600,540,090.00;088.15,,,60,010.00;011.67
2,Dr Yuri Gargarin,13/12/2019,600,540,090.00;088.15,,,60,010.00;011.67
2,Dr Yuri Gargarin,14/12/2019,600,540,090.00;088.15,,,60,010.00;011.67
2,Dr Yuri Gargarin,16/12/2019,600,540,090.00;088.15,,,60,010.00;011.67
2,Dr Yuri Gargarin,17/12/2019,600,540,090.00;088.15,,,60,010.00;011.67
2,Dr Yuri Gargarin,18/12/2019,600,540,090.00;088.15,,,60,010.00;011.67
2,Dr Yuri Gargarin,19/12/2019,600,540,090.00;088.15,,,60,010.00;011.67
2,Dr Yuri Gargarin,20/12/2019,600,540,090.00;088.15,,,60,010.00;011.67
2,Dr Yuri Gargarin,21/12/2019,600,540,090.00;088.15,,,60,010.00;011.67
2,Dr Yuri Gargarin,23/12/2019,600,540,090.00;088.15,,,60,010.00;011.67
2,Dr Yuri Gargarin,24/12/2019,600,540,090.00;088.15,,,60,010.00;011.67
2,Dr Yuri Gargarin,25/12/2019,600,540,090.00;088.15,,,60,010.00;011.67
2,Dr Yuri Gargarin,26/12/2019,600,540,090.00;088.15,,,60,010.00;011.67
2,Dr Yuri Gargarin,27/12/2019,600,540,090.00;088.15,,,60,010.00;011.67
2,Dr Yuri Gargarin,28/12/2019,600,540,090.00;088.15,,,60,010.00;011.67
2,Dr Yuri Gargarin,30/12/2019,600,540,090.00;088.15,,,60,010.00;011.67
2,Dr Yuri Gargarin,31/12/2019,600,540,090.00;088.15,,,60,010.00;011.67
2,Dr Yuri Gargarin,1/01/2020,600,540,090.00;088.15,,,60,010.00;011.67
2,Dr Yuri Gargarin,2/01/2020,600,540,090.00;088.15,,,60,010.00;011.67
2,Dr Yuri Gargarin,3/01/2020,600,540,090.00;088.15,,,60,010.00;011.67
2,Dr Yuri Gargarin,4/01/2020,600,540,090.00;088.15,,,60,010.00;011.67
2,Dr Yuri Gargarin,6/01/2020,600,540,090.00;088.15,,,60,010.00;011.67
2,Dr Yuri Gargarin,7/01/2020,600,540,090.00;088.15,,,60,010.00;011.67
2,Dr Yuri Gargarin,8/01/2020,600,540,090.00;088.15,,,60,010.00;011.67
2,Dr Yuri Gargarin,9/01/2020,600,540,090.00;088.15,,,60,010.00;011.67
2,Dr Yuri Gargarin,10/01/2020,600,540,090.00;088.15,,,60,010.00;011.67
2,Dr Yuri Gargarin,11/01/2020,600,540,090.00;088.15,,,60,010.00;011.67
2,Dr Yuri Gargarin,13/01/2020,600,540,090.00;088.15,,,60,010.00;011.67
2,Dr Yuri Gargarin,14/01/2020,600,540,090.00;088.15,,,60,010.00;011.67
2,Dr Yuri Gargarin,15/01/2020,600,540,090.00;088.15,,,60,010.00;011.67
2,Dr Yuri Gargarin,16/01/2020,600,540,090.00;088.15,,,60,010.00;011.67
2,Dr Yuri Gargarin,17/01/2020,600,540,090.00;088.15,,,60,010.00;011.67
2,Dr Yuri Gargarin,18/01/2020,600,540,090.00;088.15,,,60,010.00;011.67
2,Dr Yuri Gargarin,20/01/2020,600,540,090.00;088.15,,,60,010.00;011.67
2,Dr Yuri Gargarin,21/01/2020,600,540,090.00;088.15,,,60,010.00;011.67
2,Dr Yuri Gargarin,22/01/2020,600,540,090.00;088.15,,,60,010.00;011.67
2,Dr Yuri Gargarin,23/01/2020,600,540,090.00;088.15,,,60,010.00;011.67
2,Dr Yuri Gargarin,24/01/2020,600,540,090.00;088.15,,,60,010.00;011.67
2,Dr Yuri Gargarin,25/01/2020,600,540,090.00;088.15,,,60,010.00;011.67
2,Dr Yuri Gargarin,27/01/2020,600,540,090.00;088.15,,,60,010.00;011.67
2,Dr Yuri Gargarin,28/01/2020,600,540,090.00;088.15,,,60,010.00;011.67
2,Dr Yuri Gargarin,29/01/2020,600,540,090.00;088.15,,,60,010.00;011.67
2,Dr Yuri Gargarin,30/01/2020,600,540,090.00;088.15,,,60,010.00;011.67
2,Dr Yuri Gargarin,31/01/2020,600,540,090.00;088.15,,,60,010.00;011.67
2,Dr Yuri Gargarin,1/02/2020,600,540,090.00;088.15,,,60,010.00;011.67
2,Dr Yuri Gargarin,3/02/2020,600,540,090.00;088.15,,,60,010.00;011.67
2,Dr Yuri Gargarin,4/02/2020,600,540,090.00;088.15,,,60,010.00;011.67
2,Dr Yuri Gargarin,5/02/2020,600,540,090.00;088.15,,,60,010.00;011.67
2,Dr Yuri Gargarin,6/02/2020,600,540,090.00;088.15,,,60,010.00;011.67
2,Dr Yuri Gargarin,7/02/2020,600,540,090.00;088.15,,,60,010.00;011.67
2,Dr Yuri Gargarin,8/02/2020,600,540,090.00;088.15,,,60,010.00;011.67
2,Dr Yuri Gargarin,10/02/2020,600,540,090.00;088.15,,,60,010.00;011.67
2,Dr Yuri Gargarin,11/02/2020,600,540,090.00;088.15,,,60,010.00;011.67
2,Dr Yuri Gargarin,12/02/2020,600,540,090.00;088.15,,,60,010.00;011.67
2,Dr Yuri Gargarin,13/02/2020,600,540,090.00;088.15,,,60,010.00;011.67
2,Dr Yuri Gargarin,14/02/2020,600,540,090.00;088.15,,,60,010.00;011.67
2,Dr Yuri Gargarin,15/02/2020,600,540,090.00;088.15,,,60,010.00;011.67
2,Dr Yuri Gargarin,17/02/2020,600,540,090.00;088.15,,,60,010.00;011.67
2,Dr Yuri Gargarin,18/02/2020,600,540,090.00;088.15,,,60,010.00;011.67
2,Dr Yuri Gargarin,19/02/2020,600,540,090.00;088.15,,,60,010.00;011.67
2,Dr Yuri Gargarin,20/02/2020,600,540,090.00;088.15,,,60,010.00;011.67
2,Dr Yuri Gargarin,21/02/2020,600,540,090.00;088.15,,,60,010.00;011.67
2,Dr Yuri Gargarin,22/02/2020,600,540,090.00;088.15,,,60,010.00;011.67
2,Dr Yuri Gargarin,24/02/2020,600,540,090.00;088.15,,,60,010.00;011.67
2,Dr Yuri Gargarin,25/02/2020,600,540,090.00;088.15,,,60,010.00;011.67
2,Dr Yuri Gargarin,26/02/2020,600,540,090.00;088.15,,,60,010.00;011.67
2,Dr Yuri Gargarin,27/02/2020,600,540,090.00;088.15,,,60,010.00;011.67
2,Dr Yuri Gargarin,28/02/2020,600,540,090.00;088.15,,,60,010.00;011.67
2,Dr Yuri Gargarin,29/02/2020,600,540,090.00;088.15,,,60,010.00;011.67
2,Dr Yuri Gargarin,2/03/2020,600,540,090.00;088.15,,,60,010.00;011.67
2,Dr Yuri Gargarin,3/03/2020,600,540,090.00;088.15,,,60,010.00;011.67
2,Dr Yuri Gargarin,4/03/2020,600,540,090.00;088.15,,,60,010.00;011.67
2,Dr Yuri Gargarin,5/03/2020,600,540,090.00;088.15,,,60,010.00;011.67
2,Dr Yuri Gargarin,6/03/2020,600,540,090.00;088.15,,,60,010.00;011.67
2,Dr Yuri Gargarin,7/03/2020,600,540,090.00;088.15,,,60,010.00;011.67
2,Dr Yuri Gargarin,9/03/2020,600,540,090.00;088.15,,,60,010.00;011.67
2,Dr Yuri Gargarin,10/03/2020,600,540,090.00;088.15,,,60,010.00;011.67
2,Dr Yuri Gargarin,11/03/2020,600,540,090.00;088.15,,,60,010.00;011.67
2,Dr Yuri Gargarin,12/03/2020,600,540,090.00;088.15,,,60,010.00;011.67
2,Dr Yuri Gargarin,13/03/2020,600,540,090.00;088.15,,,60,010.00;011.67
2,Dr Yuri Gargarin,14/03/2020,600,540,090.00;088.15,,,60,010.00;011.67
2,Dr Yuri Gargarin,16/03/2020,600,540,090.00;088.15,,,60,010.00;011.67
2,Dr Yuri Gargarin,17/03/2020,600,540,090.00;088.15,,,60,010.00;011.67
2,Dr Yuri Gargarin,18/03/2020,600,540,090.00;088.15,,,60,010.00;011.67
2,Dr Yuri Gargarin,19/03/2020,600,540,090.00;088.15,,,60,010.00;011.67
2,Dr Yuri Gargarin,20/03/2020,600,540,090.00;088.15,,,60,010.00;011.67
2,Dr Yuri Gargarin,21/03/2020,600,540,090.00;088.15,,,60,010.00;011.67
2,Dr Yuri Gargarin,23/03/2020,600,540,090.00;088.15,,,60,010.00;011.67
2,Dr Yuri Gargarin,24/03/2020,600,540,090.00;088.15,,,60,010.00;011.67
2,Dr Yuri Gargarin,25/03/2020,600,540,090.00;088.15,,,60,010.00;011.67
2,Dr Yuri Gargarin,26/03/2020,600,540,090.00;088.15,,,60,010.00;011.67
2,Dr Yuri Gargarin,27/03/2020,600,540,090.00;088.15,,,60,010.00;011.67
2,Dr Yuri Gargarin,28/03/2020,600,540,090.00;088.15,,,60,010.00;011.67
2,Dr Yuri Gargarin,30/03/2020,600,540,090.00;088.15,,,60,010.00;011.67
2,Dr Yuri Gargarin,31/03/2020,600,540,090.00;088.15,,,60,010.00;011.67
2,Dr Yuri Gargarin,1/04/2020,600,540,090.00;088.15,,,60,010.00;011.67
2,Dr Yuri Gargarin,2/04/2020,600,540,090.00;088.15,,,60,010.00;011.67
2,Dr Yuri Gargarin,3/04/2020,600,540,090.00;088.15,,,60,010.00;011.67
2,Dr Yuri Gargarin,4/04/2020,600,540,090.00;088.15,,,60,010.00;011.67
2,Dr Yuri Gargarin,6/04/2020,600,540,090.00;088.15,,,60,010.00;011.67
2,Dr Yuri Gargarin,7/04/2020,600,540,090.00;088.15,,,60,010.00;011.67
2,Dr Yuri Gargarin,8/04/2020,600,540,090.00;088.15,,,60,010.00;011.67
2,Dr Yuri Gargarin,9/04/2020,600,540,090.00;088.15,,,60,010.00;011.67
2,Dr Yuri Gargarin,10/04/2020,600,540,090.00;088.15,,,60,010.00;011.67
2,Dr Yuri Gargarin,11/04/2020,600,540,090.00;088.15,,,60,010.00;011.67
2,Dr Yuri Gargarin,13/04/2020,600,540,090.00;088.15,,,60,010.00;011.67
2,Dr Yuri Gargarin,14/04/2020,600,540,090.00;088.15,,,60,010.00;011.67
2,Dr Yuri Gargarin,15/04/2020,600,540,090.00;088.15,,,60,010.00;011.67
3,3 Treat Room ,1/01/2019,600,540,090.00;088.15,,,60,010.00;011.67
3,3 Treat Room ,2/01/2019,600,540,090.00;088.15,,,60,010.00;011.67
3,3 Treat Room ,3/01/2019,600,540,090.00;088.15,,,60,010.00;011.67
3,3 Treat Room ,4/01/2019,600,540,090.00;088.15,,,60,010.00;011.67
3,3 Treat Room ,5/01/2019,600,540,090.00;088.15,,,60,010.00;011.67
3,3 Treat Room ,7/01/2019,600,540,090.00;088.15,,,60,010.00;011.67
3,3 Treat Room ,8/01/2019,600,540,090.00;088.15,,,60,010.00;011.67
3,3 Treat Room ,9/01/2019,600,540,090.00;088.15,,,60,010.00;011.67
3,3 Treat Room ,10/01/2019,600,540,090.00;088.15,,,60,010.00;011.67
3,3 Treat Room ,11/01/2019,600,540,090.00;088.15,,,60,010.00;011.67
3,3 Treat Room ,12/01/2019,600,540,090.00;088.15,,,60,010.00;011.67
3,3 Treat Room ,14/01/2019,600,540,090.00;088.15,,,60,010.00;011.67
3,3 Treat Room ,15/01/2019,600,540,090.00;088.15,,,60,010.00;011.67
3,3 Treat Room ,16/01/2019,600,540,090.00;088.15,,,60,010.00;011.67
3,3 Treat Room ,17/01/2019,600,540,090.00;088.15,,,60,010.00;011.67
3,3 Treat Room ,18/01/2019,600,540,090.00;088.15,,,60,010.00;011.67
3,3 Treat Room ,19/01/2019,600,540,090.00;088.15,,,60,010.00;011.67
3,3 Treat Room ,21/01/2019,600,540,090.00;088.15,,,60,010.00;011.67
3,3 Treat Room ,22/01/2019,600,540,090.00;088.15,,,60,010.00;011.67
3,3 Treat Room ,23/01/2019,600,540,090.00;088.15,,,60,010.00;011.67
3,3 Treat Room ,24/01/2019,600,540,090.00;088.15,,,60,010.00;011.67
3,3 Treat Room ,25/01/2019,600,540,090.00;088.15,,,60,010.00;011.67
3,3 Treat Room ,26/01/2019,600,540,090.00;088.15,,,60,010.00;011.67
3,3 Treat Room ,28/01/2019,600,540,090.00;088.15,,,60,010.00;011.67
3,3 Treat Room ,29/01/2019,600,540,090.00;088.15,,,60,010.00;011.67
3,3 Treat Room ,30/01/2019,600,540,090.00;088.15,,,60,010.00;011.67
3,3 Treat Room ,31/01/2019,600,540,090.00;088.15,,,60,010.00;011.67
3,3 Treat Room ,1/02/2019,600,540,090.00;088.15,,,60,010.00;011.67
3,3 Treat Room ,2/02/2019,600,540,090.00;088.15,,,60,010.00;011.67
3,3 Treat Room ,4/02/2019,600,540,090.00;088.15,,,60,010.00;011.67
3,3 Treat Room ,5/02/2019,600,540,090.00;088.15,,,60,010.00;011.67
3,3 Treat Room ,6/02/2019,600,540,090.00;088.15,,,60,010.00;011.67
3,3 Treat Room ,7/02/2019,600,540,090.00;088.15,,,60,010.00;011.67
3,3 Treat Room ,8/02/2019,600,540,090.00;088.15,,,60,010.00;011.67
3,3 Treat Room ,9/02/2019,600,540,090.00;088.15,,,60,010.00;011.67
3,3 Treat Room ,11/02/2019,600,540,090.00;088.15,,,60,010.00;011.67
3,3 Treat Room ,12/02/2019,600,540,090.00;088.15,,,60,010.00;011.67
3,3 Treat Room ,13/02/2019,600,540,090.00;088.15,,,60,010.00;011.67
3,3 Treat Room ,14/02/2019,600,540,090.00;088.15,,,60,010.00;011.67
3,3 Treat Room ,15/02/2019,600,540,090.00;088.15,,,60,010.00;011.67
3,3 Treat Room ,16/02/2019,600,540,090.00;088.15,,,60,010.00;011.67
3,3 Treat Room ,18/02/2019,600,540,090.00;088.15,,,60,010.00;011.67
3,3 Treat Room ,19/02/2019,600,540,090.00;088.15,,,60,010.00;011.67
3,3 Treat Room ,20/02/2019,600,540,090.00;088.15,,,60,010.00;011.67
3,3 Treat Room ,21/02/2019,600,540,090.00;088.15,,,60,010.00;011.67
3,3 Treat Room ,22/02/2019,600,540,090.00;088.15,,,60,010.00;011.67
3,3 Treat Room ,23/02/2019,600,540,090.00;088.15,,,60,010.00;011.67
3,3 Treat Room ,25/02/2019,600,540,090.00;088.15,,,60,010.00;011.67
3,3 Treat Room ,26/02/2019,600,540,090.00;088.15,,,60,010.00;011.67
3,3 Treat Room ,27/02/2019,600,540,090.00;088.15,,,60,010.00;011.67
3,3 Treat Room ,28/02/2019,600,540,090.00;088.15,,,60,010.00;011.67
3,3 Treat Room ,1/03/2019,600,540,090.00;088.15,,,60,010.00;011.67
3,3 Treat Room ,2/03/2019,600,540,090.00;088.15,,,60,010.00;011.67
3,3 Treat Room ,4/03/2019,600,540,090.00;088.15,,,60,010.00;011.67
3,3 Treat Room ,5/03/2019,600,540,090.00;088.15,,,60,010.00;011.67
3,3 Treat Room ,6/03/2019,600,540,090.00;088.15,,,60,010.00;011.67
3,3 Treat Room ,7/03/2019,600,540,090.00;088.15,,,60,010.00;011.67
3,3 Treat Room ,8/03/2019,600,540,090.00;088.15,,,60,010.00;011.67
3,3 Treat Room ,9/03/2019,600,540,090.00;088.15,,,60,010.00;011.67
3,3 Treat Room ,11/03/2019,600,540,090.00;088.15,,,60,010.00;011.67
3,3 Treat Room ,12/03/2019,600,540,090.00;088.15,,,60,010.00;011.67
3,3 Treat Room ,13/03/2019,600,540,090.00;088.15,,,60,010.00;011.67
3,3 Treat Room ,14/03/2019,600,540,090.00;088.15,,,60,010.00;011.67
3,3 Treat Room ,15/03/2019,600,540,090.00;088.15,,,60,010.00;011.67
3,3 Treat Room ,16/03/2019,600,540,090.00;088.15,,,60,010.00;011.67
3,3 Treat Room ,18/03/2019,600,540,090.00;088.15,,,60,010.00;011.67
3,3 Treat Room ,19/03/2019,600,540,090.00;088.15,,,60,010.00;011.67
3,3 Treat Room ,20/03/2019,600,540,090.00;088.15,,,60,010.00;011.67
3,3 Treat Room ,21/03/2019,600,540,090.00;088.15,,,60,010.00;011.67
3,3 Treat Room ,22/03/2019,600,540,090.00;088.15,,,60,010.00;011.67
3,3 Treat Room ,23/03/2019,600,540,090.00;088.15,,,60,010.00;011.67
3,3 Treat Room ,25/03/2019,600,540,090.00;088.15,,,60,010.00;011.67
3,3 Treat Room ,26/03/2019,600,540,090.00;088.15,,,60,010.00;011.67
3,3 Treat Room ,27/03/2019,600,465,077.50;088.15,75,012.50;000.18,60,010.00;011.67
3,3 Treat Room ,28/03/2019,600,420,070.00;088.15,120,020.00;000.18,60,010.00;011.67
3,3 Treat Room ,29/03/2019,600,540,090.00;088.15,,,60,010.00;011.67
3,3 Treat Room ,30/03/2019,600,540,090.00;088.15,,,60,010.00;011.67
3,3 Treat Room ,1/04/2019,600,540,090.00;088.15,,,60,010.00;011.67
3,3 Treat Room ,2/04/2019,600,540,090.00;088.15,,,60,010.00;011.67
3,3 Treat Room ,3/04/2019,600,540,090.00;088.15,,,60,010.00;011.67
3,3 Treat Room ,4/04/2019,600,540,090.00;088.15,,,60,010.00;011.67
3,3 Treat Room ,5/04/2019,600,540,090.00;088.15,,,60,010.00;011.67
3,3 Treat Room ,6/04/2019,600,540,090.00;088.15,,,60,010.00;011.67
3,3 Treat Room ,8/04/2019,600,540,090.00;088.15,,,60,010.00;011.67
3,3 Treat Room ,9/04/2019,600,540,090.00;088.15,,,60,010.00;011.67
3,3 Treat Room ,10/04/2019,600,540,090.00;088.15,,,60,010.00;011.67
3,3 Treat Room ,11/04/2019,600,540,090.00;088.15,,,60,010.00;011.67
3,3 Treat Room ,12/04/2019,600,540,090.00;088.15,,,60,010.00;011.67
3,3 Treat Room ,13/04/2019,600,540,090.00;088.15,,,60,010.00;011.67
3,3 Treat Room ,15/04/2019,600,540,090.00;088.15,,,60,010.00;011.67
3,3 Treat Room ,16/04/2019,600,540,090.00;088.15,,,60,010.00;011.67
3,3 Treat Room ,17/04/2019,600,540,090.00;088.15,,,60,010.00;011.67
3,3 Treat Room ,18/04/2019,600,540,090.00;088.15,,,60,010.00;011.67
3,3 Treat Room ,19/04/2019,600,540,090.00;088.15,,,60,010.00;011.67
3,3 Treat Room ,20/04/2019,600,540,090.00;088.15,,,60,010.00;011.67
3,3 Treat Room ,22/04/2019,600,540,090.00;088.15,,,60,010.00;011.67
3,3 Treat Room ,23/04/2019,600,540,090.00;088.15,,,60,010.00;011.67
3,3 Treat Room ,24/04/2019,600,540,090.00;088.15,,,60,010.00;011.67
3,3 Treat Room ,25/04/2019,600,540,090.00;088.15,,,60,010.00;011.67
3,3 Treat Room ,26/04/2019,600,540,090.00;088.15,,,60,010.00;011.67
3,3 Treat Room ,27/04/2019,600,540,090.00;088.15,,,60,010.00;011.67
3,3 Treat Room ,29/04/2019,600,540,090.00;088.15,,,60,010.00;011.67
3,3 Treat Room ,30/04/2019,600,540,090.00;088.15,,,60,010.00;011.67
3,3 Treat Room ,1/05/2019,600,540,090.00;088.15,,,60,010.00;011.67
3,3 Treat Room ,2/05/2019,600,540,090.00;088.15,,,60,010.00;011.67
3,3 Treat Room ,3/05/2019,600,540,090.00;088.15,,,60,010.00;011.67
3,3 Treat Room ,4/05/2019,600,540,090.00;088.15,,,60,010.00;011.67
3,3 Treat Room ,6/05/2019,600,540,090.00;088.15,,,60,010.00;011.67
3,3 Treat Room ,7/05/2019,600,540,090.00;088.15,,,60,010.00;011.67
3,3 Treat Room ,8/05/2019,600,540,090.00;088.15,,,60,010.00;011.67
3,3 Treat Room ,9/05/2019,600,540,090.00;088.15,,,60,010.00;011.67
3,3 Treat Room ,10/05/2019,600,540,090.00;088.15,,,60,010.00;011.67
3,3 Treat Room ,11/05/2019,600,540,090.00;088.15,,,60,010.00;011.67
3,3 Treat Room ,13/05/2019,600,540,090.00;088.15,,,60,010.00;011.67
3,3 Treat Room ,14/05/2019,600,540,090.00;088.15,,,60,010.00;011.67
3,3 Treat Room ,15/05/2019,600,540,090.00;088.15,,,60,010.00;011.67
3,3 Treat Room ,16/05/2019,600,540,090.00;088.15,,,60,010.00;011.67
3,3 Treat Room ,17/05/2019,600,540,090.00;088.15,,,60,010.00;011.67
3,3 Treat Room ,18/05/2019,600,540,090.00;088.15,,,60,010.00;011.67
3,3 Treat Room ,20/05/2019,600,540,090.00;088.15,,,60,010.00;011.67
3,3 Treat Room ,21/05/2019,600,540,090.00;088.15,,,60,010.00;011.67
3,3 Treat Room ,22/05/2019,600,540,090.00;088.15,,,60,010.00;011.67
3,3 Treat Room ,23/05/2019,600,540,090.00;088.15,,,60,010.00;011.67
3,3 Treat Room ,24/05/2019,600,540,090.00;088.15,,,60,010.00;011.67
3,3 Treat Room ,25/05/2019,600,540,090.00;088.15,,,60,010.00;011.67
3,3 Treat Room ,27/05/2019,600,540,090.00;088.15,,,60,010.00;011.67
3,3 Treat Room ,28/05/2019,600,540,090.00;088.15,,,60,010.00;011.67
3,3 Treat Room ,29/05/2019,600,540,090.00;088.15,,,60,010.00;011.67
3,3 Treat Room ,30/05/2019,600,540,090.00;088.15,,,60,010.00;011.67
3,3 Treat Room ,31/05/2019,600,540,090.00;088.15,,,60,010.00;011.67
3,3 Treat Room ,1/06/2019,600,540,090.00;088.15,,,60,010.00;011.67
3,3 Treat Room ,3/06/2019,600,540,090.00;088.15,,,60,010.00;011.67
3,3 Treat Room ,4/06/2019,600,540,090.00;088.15,,,60,010.00;011.67
3,3 Treat Room ,5/06/2019,600,540,090.00;088.15,,,60,010.00;011.67
3,3 Treat Room ,6/06/2019,600,540,090.00;088.15,,,60,010.00;011.67
3,3 Treat Room ,7/06/2019,600,540,090.00;088.15,,,60,010.00;011.67
3,3 Treat Room ,8/06/2019,600,540,090.00;088.15,,,60,010.00;011.67
3,3 Treat Room ,10/06/2019,600,540,090.00;088.15,,,60,010.00;011.67
3,3 Treat Room ,11/06/2019,600,540,090.00;088.15,,,60,010.00;011.67
3,3 Treat Room ,12/06/2019,600,540,090.00;088.15,,,60,010.00;011.67
3,3 Treat Room ,13/06/2019,600,540,090.00;088.15,,,60,010.00;011.67
3,3 Treat Room ,14/06/2019,600,540,090.00;088.15,,,60,010.00;011.67
3,3 Treat Room ,15/06/2019,600,540,090.00;088.15,,,60,010.00;011.67
3,3 Treat Room ,17/06/2019,600,540,090.00;088.15,,,60,010.00;011.67
3,3 Treat Room ,18/06/2019,600,540,090.00;088.15,,,60,010.00;011.67
3,3 Treat Room ,19/06/2019,600,540,090.00;088.15,,,60,010.00;011.67
3,3 Treat Room ,20/06/2019,600,540,090.00;088.15,,,60,010.00;011.67
3,3 Treat Room ,21/06/2019,600,540,090.00;088.15,,,60,010.00;011.67
3,3 Treat Room ,22/06/2019,600,540,090.00;088.15,,,60,010.00;011.67
3,3 Treat Room ,24/06/2019,600,540,090.00;088.15,,,60,010.00;011.67
3,3 Treat Room ,25/06/2019,600,540,090.00;088.15,,,60,010.00;011.67
3,3 Treat Room ,26/06/2019,600,540,090.00;088.15,,,60,010.00;011.67
3,3 Treat Room ,27/06/2019,600,540,090.00;088.15,,,60,010.00;011.67
3,3 Treat Room ,28/06/2019,600,540,090.00;088.15,,,60,010.00;011.67
3,3 Treat Room ,29/06/2019,600,540,090.00;088.15,,,60,010.00;011.67
3,3 Treat Room ,1/07/2019,600,540,090.00;088.15,,,60,010.00;011.67
3,3 Treat Room ,2/07/2019,600,540,090.00;088.15,,,60,010.00;011.67
3,3 Treat Room ,3/07/2019,600,540,090.00;088.15,,,60,010.00;011.67
3,3 Treat Room ,4/07/2019,600,540,090.00;088.15,,,60,010.00;011.67
3,3 Treat Room ,5/07/2019,600,540,090.00;088.15,,,60,010.00;011.67
3,3 Treat Room ,6/07/2019,600,540,090.00;088.15,,,60,010.00;011.67
3,3 Treat Room ,8/07/2019,600,540,090.00;088.15,,,60,010.00;011.67
3,3 Treat Room ,9/07/2019,600,540,090.00;088.15,,,60,010.00;011.67
3,3 Treat Room ,10/07/2019,600,540,090.00;088.15,,,60,010.00;011.67
3,3 Treat Room ,11/07/2019,600,540,090.00;088.15,,,60,010.00;011.67
3,3 Treat Room ,12/07/2019,600,540,090.00;088.15,,,60,010.00;011.67
3,3 Treat Room ,13/07/2019,600,540,090.00;088.15,,,60,010.00;011.67
3,3 Treat Room ,15/07/2019,600,540,090.00;088.15,,,60,010.00;011.67
3,3 Treat Room ,16/07/2019,600,540,090.00;088.15,,,60,010.00;011.67
3,3 Treat Room ,17/07/2019,600,540,090.00;088.15,,,60,010.00;011.67
3,3 Treat Room ,18/07/2019,600,540,090.00;088.15,,,60,010.00;011.67
3,3 Treat Room ,19/07/2019,600,540,090.00;088.15,,,60,010.00;011.67
3,3 Treat Room ,20/07/2019,600,540,090.00;088.15,,,60,010.00;011.67
3,3 Treat Room ,22/07/2019,600,540,090.00;088.15,,,60,010.00;011.67
3,3 Treat Room ,23/07/2019,600,540,090.00;088.15,,,60,010.00;011.67
3,3 Treat Room ,24/07/2019,600,540,090.00;088.15,,,60,010.00;011.67
3,3 Treat Room ,25/07/2019,600,540,090.00;088.15,,,60,010.00;011.67
3,3 Treat Room ,26/07/2019,600,540,090.00;088.15,,,60,010.00;011.67
3,3 Treat Room ,27/07/2019,600,540,090.00;088.15,,,60,010.00;011.67
3,3 Treat Room ,29/07/2019,600,540,090.00;088.15,,,60,010.00;011.67
3,3 Treat Room ,30/07/2019,600,540,090.00;088.15,,,60,010.00;011.67
3,3 Treat Room ,31/07/2019,600,540,090.00;088.15,,,60,010.00;011.67
3,3 Treat Room ,1/08/2019,600,540,090.00;088.15,,,60,010.00;011.67
3,3 Treat Room ,2/08/2019,600,540,090.00;088.15,,,60,010.00;011.67
3,3 Treat Room ,3/08/2019,600,540,090.00;088.15,,,60,010.00;011.67
3,3 Treat Room ,5/08/2019,600,540,090.00;088.15,,,60,010.00;011.67
3,3 Treat Room ,6/08/2019,600,540,090.00;088.15,,,60,010.00;011.67
3,3 Treat Room ,7/08/2019,600,540,090.00;088.15,,,60,010.00;011.67
3,3 Treat Room ,8/08/2019,600,540,090.00;088.15,,,60,010.00;011.67
3,3 Treat Room ,9/08/2019,600,540,090.00;088.15,,,60,010.00;011.67
3,3 Treat Room ,10/08/2019,600,540,090.00;088.15,,,60,010.00;011.67
3,3 Treat Room ,12/08/2019,600,540,090.00;088.15,,,60,010.00;011.67
3,3 Treat Room ,13/08/2019,600,540,090.00;088.15,,,60,010.00;011.67
3,3 Treat Room ,14/08/2019,600,540,090.00;088.15,,,60,010.00;011.67
3,3 Treat Room ,15/08/2019,600,540,090.00;088.15,,,60,010.00;011.67
3,3 Treat Room ,16/08/2019,600,540,090.00;088.15,,,60,010.00;011.67
3,3 Treat Room ,17/08/2019,600,540,090.00;088.15,,,60,010.00;011.67
3,3 Treat Room ,19/08/2019,600,540,090.00;088.15,,,60,010.00;011.67
3,3 Treat Room ,20/08/2019,600,540,090.00;088.15,,,60,010.00;011.67
3,3 Treat Room ,21/08/2019,600,540,090.00;088.15,,,60,010.00;011.67
3,3 Treat Room ,22/08/2019,600,540,090.00;088.15,,,60,010.00;011.67
3,3 Treat Room ,23/08/2019,600,540,090.00;088.15,,,60,010.00;011.67
3,3 Treat Room ,24/08/2019,600,540,090.00;088.15,,,60,010.00;011.67
3,3 Treat Room ,26/08/2019,600,540,090.00;088.15,,,60,010.00;011.67
3,3 Treat Room ,27/08/2019,600,540,090.00;088.15,,,60,010.00;011.67
3,3 Treat Room ,28/08/2019,600,540,090.00;088.15,,,60,010.00;011.67
3,3 Treat Room ,29/08/2019,600,540,090.00;088.15,,,60,010.00;011.67
3,3 Treat Room ,30/08/2019,600,540,090.00;088.15,,,60,010.00;011.67
3,3 Treat Room ,31/08/2019,600,540,090.00;088.15,,,60,010.00;011.67
3,3 Treat Room ,2/09/2019,600,540,090.00;088.15,,,60,010.00;011.67
3,3 Treat Room ,3/09/2019,600,540,090.00;088.15,,,60,010.00;011.67
3,3 Treat Room ,4/09/2019,600,540,090.00;088.15,,,60,010.00;011.67
3,3 Treat Room ,5/09/2019,600,540,090.00;088.15,,,60,010.00;011.67
3,3 Treat Room ,6/09/2019,600,540,090.00;088.15,,,60,010.00;011.67
3,3 Treat Room ,7/09/2019,600,540,090.00;088.15,,,60,010.00;011.67
3,3 Treat Room ,9/09/2019,600,540,090.00;088.15,,,60,010.00;011.67
3,3 Treat Room ,10/09/2019,600,540,090.00;088.15,,,60,010.00;011.67
3,3 Treat Room ,11/09/2019,600,540,090.00;088.15,,,60,010.00;011.67
3,3 Treat Room ,12/09/2019,600,540,090.00;088.15,,,60,010.00;011.67
3,3 Treat Room ,13/09/2019,600,540,090.00;088.15,,,60,010.00;011.67
3,3 Treat Room ,14/09/2019,600,540,090.00;088.15,,,60,010.00;011.67
3,3 Treat Room ,16/09/2019,600,540,090.00;088.15,,,60,010.00;011.67
3,3 Treat Room ,17/09/2019,600,540,090.00;088.15,,,60,010.00;011.67
3,3 Treat Room ,18/09/2019,600,540,090.00;088.15,,,60,010.00;011.67
3,3 Treat Room ,19/09/2019,600,540,090.00;088.15,,,60,010.00;011.67
3,3 Treat Room ,20/09/2019,600,540,090.00;088.15,,,60,010.00;011.67
3,3 Treat Room ,21/09/2019,600,540,090.00;088.15,,,60,010.00;011.67
3,3 Treat Room ,23/09/2019,600,540,090.00;088.15,,,60,010.00;011.67
3,3 Treat Room ,24/09/2019,600,540,090.00;088.15,,,60,010.00;011.67
3,3 Treat Room ,25/09/2019,600,540,090.00;088.15,,,60,010.00;011.67
3,3 Treat Room ,26/09/2019,600,540,090.00;088.15,,,60,010.00;011.67
3,3 Treat Room ,27/09/2019,600,540,090.00;088.15,,,60,010.00;011.67
3,3 Treat Room ,28/09/2019,600,540,090.00;088.15,,,60,010.00;011.67
3,3 Treat Room ,30/09/2019,600,540,090.00;088.15,,,60,010.00;011.67
3,3 Treat Room ,1/10/2019,600,540,090.00;088.15,,,60,010.00;011.67
3,3 Treat Room ,2/10/2019,600,540,090.00;088.15,,,60,010.00;011.67
3,3 Treat Room ,3/10/2019,600,540,090.00;088.15,,,60,010.00;011.67
3,3 Treat Room ,4/10/2019,600,540,090.00;088.15,,,60,010.00;011.67
3,3 Treat Room ,5/10/2019,600,540,090.00;088.15,,,60,010.00;011.67
3,3 Treat Room ,7/10/2019,600,540,090.00;088.15,,,60,010.00;011.67
3,3 Treat Room ,8/10/2019,600,540,090.00;088.15,,,60,010.00;011.67
3,3 Treat Room ,9/10/2019,600,540,090.00;088.15,,,60,010.00;011.67
3,3 Treat Room ,10/10/2019,600,540,090.00;088.15,,,60,010.00;011.67
3,3 Treat Room ,11/10/2019,600,540,090.00;088.15,,,60,010.00;011.67
3,3 Treat Room ,12/10/2019,600,540,090.00;088.15,,,60,010.00;011.67
3,3 Treat Room ,14/10/2019,600,540,090.00;088.15,,,60,010.00;011.67
3,3 Treat Room ,15/10/2019,600,540,090.00;088.15,,,60,010.00;011.67
3,3 Treat Room ,16/10/2019,600,540,090.00;088.15,,,60,010.00;011.67
3,3 Treat Room ,17/10/2019,600,540,090.00;088.15,,,60,010.00;011.67
3,3 Treat Room ,18/10/2019,600,540,090.00;088.15,,,60,010.00;011.67
3,3 Treat Room ,19/10/2019,600,540,090.00;088.15,,,60,010.00;011.67
3,3 Treat Room ,21/10/2019,600,540,090.00;088.15,,,60,010.00;011.67
3,3 Treat Room ,22/10/2019,600,540,090.00;088.15,,,60,010.00;011.67
3,3 Treat Room ,23/10/2019,600,540,090.00;088.15,,,60,010.00;011.67
3,3 Treat Room ,24/10/2019,600,540,090.00;088.15,,,60,010.00;011.67
3,3 Treat Room ,25/10/2019,600,540,090.00;088.15,,,60,010.00;011.67
3,3 Treat Room ,26/10/2019,600,540,090.00;088.15,,,60,010.00;011.67
3,3 Treat Room ,28/10/2019,600,540,090.00;088.15,,,60,010.00;011.67
3,3 Treat Room ,29/10/2019,600,540,090.00;088.15,,,60,010.00;011.67
3,3 Treat Room ,30/10/2019,600,540,090.00;088.15,,,60,010.00;011.67
3,3 Treat Room ,31/10/2019,600,540,090.00;088.15,,,60,010.00;011.67
3,3 Treat Room ,1/11/2019,600,540,090.00;088.15,,,60,010.00;011.67
3,3 Treat Room ,2/11/2019,600,540,090.00;088.15,,,60,010.00;011.67
3,3 Treat Room ,4/11/2019,600,540,090.00;088.15,,,60,010.00;011.67
3,3 Treat Room ,5/11/2019,600,540,090.00;088.15,,,60,010.00;011.67
3,3 Treat Room ,6/11/2019,600,540,090.00;088.15,,,60,010.00;011.67
3,3 Treat Room ,7/11/2019,600,540,090.00;088.15,,,60,010.00;011.67
3,3 Treat Room ,8/11/2019,600,540,090.00;088.15,,,60,010.00;011.67
3,3 Treat Room ,9/11/2019,600,540,090.00;088.15,,,60,010.00;011.67
3,3 Treat Room ,11/11/2019,600,540,090.00;088.15,,,60,010.00;011.67
3,3 Treat Room ,12/11/2019,600,540,090.00;088.15,,,60,010.00;011.67
3,3 Treat Room ,13/11/2019,600,540,090.00;088.15,,,60,010.00;011.67
3,3 Treat Room ,14/11/2019,600,540,090.00;088.15,,,60,010.00;011.67
3,3 Treat Room ,15/11/2019,600,540,090.00;088.15,,,60,010.00;011.67
3,3 Treat Room ,16/11/2019,600,540,090.00;088.15,,,60,010.00;011.67
3,3 Treat Room ,18/11/2019,600,540,090.00;088.15,,,60,010.00;011.67
3,3 Treat Room ,19/11/2019,600,540,090.00;088.15,,,60,010.00;011.67
3,3 Treat Room ,20/11/2019,600,540,090.00;088.15,,,60,010.00;011.67
3,3 Treat Room ,21/11/2019,600,540,090.00;088.15,,,60,010.00;011.67
3,3 Treat Room ,22/11/2019,600,540,090.00;088.15,,,60,010.00;011.67
3,3 Treat Room ,23/11/2019,600,540,090.00;088.15,,,60,010.00;011.67
3,3 Treat Room ,25/11/2019,600,540,090.00;088.15,,,60,010.00;011.67
3,3 Treat Room ,26/11/2019,600,540,090.00;088.15,,,60,010.00;011.67
3,3 Treat Room ,27/11/2019,600,540,090.00;088.15,,,60,010.00;011.67
3,3 Treat Room ,28/11/2019,600,540,090.00;088.15,,,60,010.00;011.67
3,3 Treat Room ,29/11/2019,600,540,090.00;088.15,,,60,010.00;011.67
3,3 Treat Room ,30/11/2019,600,540,090.00;088.15,,,60,010.00;011.67
3,3 Treat Room ,2/12/2019,600,540,090.00;088.15,,,60,010.00;011.67
3,3 Treat Room ,3/12/2019,600,540,090.00;088.15,,,60,010.00;011.67
3,3 Treat Room ,4/12/2019,600,540,090.00;088.15,,,60,010.00;011.67
3,3 Treat Room ,5/12/2019,600,540,090.00;088.15,,,60,010.00;011.67
3,3 Treat Room ,6/12/2019,600,540,090.00;088.15,,,60,010.00;011.67
3,3 Treat Room ,7/12/2019,600,540,090.00;088.15,,,60,010.00;011.67
3,3 Treat Room ,9/12/2019,600,540,090.00;088.15,,,60,010.00;011.67
3,3 Treat Room ,10/12/2019,600,540,090.00;088.15,,,60,010.00;011.67
3,3 Treat Room ,11/12/2019,600,540,090.00;088.15,,,60,010.00;011.67
3,3 Treat Room ,12/12/2019,600,540,090.00;088.15,,,60,010.00;011.67
3,3 Treat Room ,13/12/2019,600,540,090.00;088.15,,,60,010.00;011.67
3,3 Treat Room ,14/12/2019,600,540,090.00;088.15,,,60,010.00;011.67
3,3 Treat Room ,16/12/2019,600,540,090.00;088.15,,,60,010.00;011.67
3,3 Treat Room ,17/12/2019,600,540,090.00;088.15,,,60,010.00;011.67
3,3 Treat Room ,18/12/2019,600,540,090.00;088.15,,,60,010.00;011.67
3,3 Treat Room ,19/12/2019,600,540,090.00;088.15,,,60,010.00;011.67
3,3 Treat Room ,20/12/2019,600,540,090.00;088.15,,,60,010.00;011.67
3,3 Treat Room ,21/12/2019,600,540,090.00;088.15,,,60,010.00;011.67
3,3 Treat Room ,23/12/2019,600,540,090.00;088.15,,,60,010.00;011.67
3,3 Treat Room ,24/12/2019,600,540,090.00;088.15,,,60,010.00;011.67
3,3 Treat Room ,25/12/2019,600,540,090.00;088.15,,,60,010.00;011.67
3,3 Treat Room ,26/12/2019,600,540,090.00;088.15,,,60,010.00;011.67
3,3 Treat Room ,27/12/2019,600,540,090.00;088.15,,,60,010.00;011.67
3,3 Treat Room ,28/12/2019,600,540,090.00;088.15,,,60,010.00;011.67
3,3 Treat Room ,30/12/2019,600,540,090.00;088.15,,,60,010.00;011.67
3,3 Treat Room ,31/12/2019,600,540,090.00;088.15,,,60,010.00;011.67
3,3 Treat Room ,1/01/2020,600,540,090.00;088.15,,,60,010.00;011.67
3,3 Treat Room ,2/01/2020,600,540,090.00;088.15,,,60,010.00;011.67
3,3 Treat Room ,3/01/2020,600,540,090.00;088.15,,,60,010.00;011.67
3,3 Treat Room ,4/01/2020,600,540,090.00;088.15,,,60,010.00;011.67
3,3 Treat Room ,6/01/2020,600,540,090.00;088.15,,,60,010.00;011.67
3,3 Treat Room ,7/01/2020,600,540,090.00;088.15,,,60,010.00;011.67
3,3 Treat Room ,8/01/2020,600,540,090.00;088.15,,,60,010.00;011.67
3,3 Treat Room ,9/01/2020,600,540,090.00;088.15,,,60,010.00;011.67
3,3 Treat Room ,10/01/2020,600,540,090.00;088.15,,,60,010.00;011.67
3,3 Treat Room ,11/01/2020,600,540,090.00;088.15,,,60,010.00;011.67
3,3 Treat Room ,13/01/2020,600,540,090.00;088.15,,,60,010.00;011.67
3,3 Treat Room ,14/01/2020,600,540,090.00;088.15,,,60,010.00;011.67
3,3 Treat Room ,15/01/2020,600,540,090.00;088.15,,,60,010.00;011.67
3,3 Treat Room ,16/01/2020,600,540,090.00;088.15,,,60,010.00;011.67
3,3 Treat Room ,17/01/2020,600,540,090.00;088.15,,,60,010.00;011.67
3,3 Treat Room ,18/01/2020,600,540,090.00;088.15,,,60,010.00;011.67
3,3 Treat Room ,20/01/2020,600,540,090.00;088.15,,,60,010.00;011.67
3,3 Treat Room ,21/01/2020,600,540,090.00;088.15,,,60,010.00;011.67
3,3 Treat Room ,22/01/2020,600,540,090.00;088.15,,,60,010.00;011.67
3,3 Treat Room ,23/01/2020,600,540,090.00;088.15,,,60,010.00;011.67
3,3 Treat Room ,24/01/2020,600,540,090.00;088.15,,,60,010.00;011.67
3,3 Treat Room ,25/01/2020,600,540,090.00;088.15,,,60,010.00;011.67
3,3 Treat Room ,27/01/2020,600,540,090.00;088.15,,,60,010.00;011.67
3,3 Treat Room ,28/01/2020,600,540,090.00;088.15,,,60,010.00;011.67
3,3 Treat Room ,29/01/2020,600,540,090.00;088.15,,,60,010.00;011.67
3,3 Treat Room ,30/01/2020,600,540,090.00;088.15,,,60,010.00;011.67
3,3 Treat Room ,31/01/2020,600,540,090.00;088.15,,,60,010.00;011.67
3,3 Treat Room ,1/02/2020,600,540,090.00;088.15,,,60,010.00;011.67
3,3 Treat Room ,3/02/2020,600,540,090.00;088.15,,,60,010.00;011.67
3,3 Treat Room ,4/02/2020,600,540,090.00;088.15,,,60,010.00;011.67
3,3 Treat Room ,5/02/2020,600,540,090.00;088.15,,,60,010.00;011.67
3,3 Treat Room ,6/02/2020,600,540,090.00;088.15,,,60,010.00;011.67
3,3 Treat Room ,7/02/2020,600,540,090.00;088.15,,,60,010.00;011.67
3,3 Treat Room ,8/02/2020,600,540,090.00;088.15,,,60,010.00;011.67
3,3 Treat Room ,10/02/2020,600,540,090.00;088.15,,,60,010.00;011.67
3,3 Treat Room ,11/02/2020,600,540,090.00;088.15,,,60,010.00;011.67
3,3 Treat Room ,12/02/2020,600,540,090.00;088.15,,,60,010.00;011.67
3,3 Treat Room ,13/02/2020,600,540,090.00;088.15,,,60,010.00;011.67
3,3 Treat Room ,14/02/2020,600,540,090.00;088.15,,,60,010.00;011.67
3,3 Treat Room ,15/02/2020,600,540,090.00;088.15,,,60,010.00;011.67
3,3 Treat Room ,17/02/2020,600,540,090.00;088.15,,,60,010.00;011.67
3,3 Treat Room ,18/02/2020,600,540,090.00;088.15,,,60,010.00;011.67
3,3 Treat Room ,19/02/2020,600,540,090.00;088.15,,,60,010.00;011.67
3,3 Treat Room ,20/02/2020,600,540,090.00;088.15,,,60,010.00;011.67
3,3 Treat Room ,21/02/2020,600,540,090.00;088.15,,,60,010.00;011.67
3,3 Treat Room ,22/02/2020,600,540,090.00;088.15,,,60,010.00;011.67
3,3 Treat Room ,24/02/2020,600,540,090.00;088.15,,,60,010.00;011.67
3,3 Treat Room ,25/02/2020,600,540,090.00;088.15,,,60,010.00;011.67
3,3 Treat Room ,26/02/2020,600,540,090.00;088.15,,,60,010.00;011.67
3,3 Treat Room ,27/02/2020,600,540,090.00;088.15,,,60,010.00;011.67
3,3 Treat Room ,28/02/2020,600,540,090.00;088.15,,,60,010.00;011.67
3,3 Treat Room ,29/02/2020,600,540,090.00;088.15,,,60,010.00;011.67
3,3 Treat Room ,2/03/2020,600,540,090.00;088.15,,,60,010.00;011.67
3,3 Treat Room ,3/03/2020,600,540,090.00;088.15,,,60,010.00;011.67
3,3 Treat Room ,4/03/2020,600,540,090.00;088.15,,,60,010.00;011.67
3,3 Treat Room ,5/03/2020,600,540,090.00;088.15,,,60,010.00;011.67
3,3 Treat Room ,6/03/2020,600,540,090.00;088.15,,,60,010.00;011.67
3,3 Treat Room ,7/03/2020,600,540,090.00;088.15,,,60,010.00;011.67
3,3 Treat Room ,9/03/2020,600,540,090.00;088.15,,,60,010.00;011.67
3,3 Treat Room ,10/03/2020,600,540,090.00;088.15,,,60,010.00;011.67
3,3 Treat Room ,11/03/2020,600,540,090.00;088.15,,,60,010.00;011.67
3,3 Treat Room ,12/03/2020,600,540,090.00;088.15,,,60,010.00;011.67
3,3 Treat Room ,13/03/2020,600,540,090.00;088.15,,,60,010.00;011.67
3,3 Treat Room ,14/03/2020,600,540,090.00;088.15,,,60,010.00;011.67
3,3 Treat Room ,16/03/2020,600,540,090.00;088.15,,,60,010.00;011.67
3,3 Treat Room ,17/03/2020,600,540,090.00;088.15,,,60,010.00;011.67
3,3 Treat Room ,18/03/2020,600,540,090.00;088.15,,,60,010.00;011.67
3,3 Treat Room ,19/03/2020,600,540,090.00;088.15,,,60,010.00;011.67
3,3 Treat Room ,20/03/2020,600,540,090.00;088.15,,,60,010.00;011.67
3,3 Treat Room ,21/03/2020,600,540,090.00;088.15,,,60,010.00;011.67
3,3 Treat Room ,23/03/2020,600,540,090.00;088.15,,,60,010.00;011.67
3,3 Treat Room ,24/03/2020,600,540,090.00;088.15,,,60,010.00;011.67
3,3 Treat Room ,25/03/2020,600,540,090.00;088.15,,,60,010.00;011.67
3,3 Treat Room ,26/03/2020,600,540,090.00;088.15,,,60,010.00;011.67
3,3 Treat Room ,27/03/2020,600,540,090.00;088.15,,,60,010.00;011.67
3,3 Treat Room ,28/03/2020,600,540,090.00;088.15,,,60,010.00;011.67
3,3 Treat Room ,30/03/2020,600,540,090.00;088.15,,,60,010.00;011.67
3,3 Treat Room ,31/03/2020,600,540,090.00;088.15,,,60,010.00;011.67
3,3 Treat Room ,1/04/2020,600,540,090.00;088.15,,,60,010.00;011.67
3,3 Treat Room ,2/04/2020,600,540,090.00;088.15,,,60,010.00;011.67
3,3 Treat Room ,3/04/2020,600,540,090.00;088.15,,,60,010.00;011.67
3,3 Treat Room ,4/04/2020,600,540,090.00;088.15,,,60,010.00;011.67
3,3 Treat Room ,6/04/2020,600,540,090.00;088.15,,,60,010.00;011.67
3,3 Treat Room ,7/04/2020,600,540,090.00;088.15,,,60,010.00;011.67
3,3 Treat Room ,8/04/2020,600,540,090.00;088.15,,,60,010.00;011.67
3,3 Treat Room ,9/04/2020,600,540,090.00;088.15,,,60,010.00;011.67
3,3 Treat Room ,10/04/2020,600,540,090.00;088.15,,,60,010.00;011.67
3,3 Treat Room ,11/04/2020,600,540,090.00;088.15,,,60,010.00;011.67
3,3 Treat Room ,13/04/2020,600,540,090.00;088.15,,,60,010.00;011.67
3,3 Treat Room ,14/04/2020,600,540,090.00;088.15,,,60,010.00;011.67
3,3 Treat Room ,15/04/2020,600,540,090.00;088.15,,,60,010.00;011.67
